$$$,2015-11-12
$PAC,2015-11-02
1337,2015-11-09
1ST,2016-09-28
1WO,2018-03-21
2GIVE,2016-05-16
300,2017-07-25
42,2014-01-14
611,2016-05-09
808,2016-07-25
888,2014-03-20
8BIT,2015-04-18
AAC,2018-01-20
ABC,2016-05-18
ABJ,2017-11-10
ABT,2018-02-26
ABY,2014-06-12
AC,2014-04-20
ACAT,2018-02-15
ACC,2017-08-25
ACE,2017-12-28
ACES,2016-08-19
ACN,2017-02-09
ACOIN,2014-09-13
ACP,2015-07-13
ACT,2017-08-27
ADA,2017-10-01
ADB,2018-02-03
ADC,2015-06-05
ADCN,2016-02-22
ADK,2017-06-06
ADST,2017-08-12
ADT,2017-07-02
ADX,2017-07-01
ADZ,2015-12-26
AE,2017-06-01
AEON,2015-08-04
AERM,2017-11-17
AGI,2018-01-19
AGLC,2016-09-03
AHT,2017-09-16
AI,2017-11-24
AIB,2015-04-30
AID,2018-01-24
AIDOC,2018-01-10
AION,2017-10-18
AIR,2017-10-11
AIT,2018-01-16
AIX,2018-01-11
AKY,2017-10-16
ALIS,2017-10-12
ALL,2017-02-24
ALQO,2017-11-20
ALT,2017-04-25
ALTCOM,2017-11-02
AMB,2017-10-23
AMBER,2015-02-06
AMLT,2018-03-23
AMM,2017-12-18
AMMO,2017-06-12
AMP,2015-12-04
AMS,2015-08-21
ANC,2013-07-15
ANI,2014-02-28
ANT,2017-05-18
ANTX,2017-06-25
APC,2016-01-25
APPC,2018-01-08
APX,2017-05-25
ARB,2015-05-21
ARC,2016-10-19
ARCO,2016-05-04
ARCT,2018-01-17
ARDR,2016-07-23
ARG,2013-07-04
ARGUS,2017-02-26
ARI,2014-02-20
ARK,2017-03-22
ARN,2017-11-07
ART,2017-10-18
ARY,2018-01-23
ASAFE2,2016-10-29
ASN,2017-08-19
AST,2017-10-17
ASTRO,2017-11-16
ATB,2017-09-19
ATL,2017-11-01
ATM,2017-10-04
ATMC,2017-08-24
ATMS,2017-04-17
ATN,2018-01-12
ATOM,2016-10-09
ATS,2017-10-14
ATX,2016-08-29
AU,2014-10-09
AUR,2014-02-27
AURA,2018-01-19
AUTO,2018-03-04
AV,2016-01-05
AVH,2018-02-10
AVT,2017-09-06
AWR,2018-01-14
AXIOM,2015-07-30
AXP,2018-01-25
B2B,2017-11-20
B2X,2017-10-20
B@,2017-03-30
BANCA,2018-03-19
BAR,2018-01-20
BAS,2017-08-12
BASH,2016-11-29
BAT,2014-03-03
BAX,2018-03-09
BAY,2014-11-16
BBN,2018-03-21
BBP,2017-08-27
BBR,2014-06-24
BBT,2017-11-19
BCA,2018-01-13
BCC,2017-01-20
BCD,2017-11-24
BCDN,2017-12-06
BCF,2014-12-07
BCH,2017-07-23
BCN,2014-06-17
BCO,2017-10-10
BCPT,2017-10-17
BCX,2017-12-15
BCY,2015-09-14
BDG,2018-01-12
BDL,2017-07-11
BEE,2018-03-03
BELA,2014-03-20
BENJI,2017-01-19
BERN,2016-04-11
BERRY,2018-04-07
BEST,2017-04-01
BET,2013-12-15
BEZ,2018-03-01
BFT,2018-03-22
BIG,2017-12-31
BIGUP,2016-03-22
BIO,2018-02-15
BIOB,2017-03-20
BIOS,2015-07-27
BIP,2016-11-03
BIRDS,2017-07-31
BIS,2017-10-01
BIT,2016-07-25
BITB,2015-02-18
BITBTC,2014-09-23
BITCF,2017-08-09
BITCNY,2014-09-23
BITEUR,2015-06-08
BITG,2018-03-22
BITGOLD,2015-01-04
BITOK,2017-06-24
BITS,2014-04-23
BITSILVER,2015-02-25
BITUSD,2014-09-23
BITZ,2015-03-09
BIX,2017-12-24
BKX,2018-01-13
BLAZR,2017-04-17
BLC,2014-02-12
BLITZ,2014-11-16
BLK,2014-02-28
BLN,2017-08-17
BLOCK,2014-11-01
BLOCKPAY,2016-09-05
BLRY,2016-05-20
BLT,2018-01-15
BLU,2014-04-28
BLUE,2017-10-21
BLZ,2014-06-28
BMC,2017-09-20
BNB,2017-07-25
BNT,2017-06-18
BNTY,2017-12-26
BNX,2017-07-02
BOAT,2017-02-09
BOLI,2015-09-08
BON,2017-12-07
BOS,2017-10-26
BOST,2014-05-30
BOT,2017-11-20
BPC,2016-12-30
BPL,2017-11-09
BPT,2018-01-24
BQ,2017-08-27
BRAT,2017-08-27
BRD,2017-12-24
BRIA,2017-06-29
BRIT,2014-07-03
BRK,2016-06-14
BRO,2017-06-25
BRX,2016-07-11
BSC,2015-07-13
BSD,2014-06-08
BSN,2017-10-13
BSR,2017-10-17
BSTAR,2016-12-21
BSTN,2018-03-28
BSTY,2014-10-03
BT2,2017-10-28
BTA,2015-05-29
BTB,2013-05-09
BTBC,2017-11-01
BTC,2013-04-28
BTCA,2017-12-17
BTCD,2014-07-16
BTCM,2017-10-29
BTCP,2018-03-10
BTCR,2016-11-18
BTCRED,2017-10-25
BTCS,2014-03-17
BTCZ,2017-10-12
BTDX,2016-09-12
BTE,2017-11-19
BTG,2013-07-04
BTM,2014-08-19
BTO,2018-01-14
BTPL,2017-06-25
BTQ,2014-07-29
BTS,2014-07-21
BTW,2018-01-30
BTWTY,2017-07-18
BTX,2017-04-27
BUB,2015-05-07
BUCKS,2016-01-04
BUMBA,2016-03-28
BUN,2014-09-11
BURST,2014-08-30
BUZZ,2017-09-13
BWK,2017-12-08
BXC,2016-06-02
BXT,2016-08-26
BYC,2014-11-23
C2,2014-06-08
C20,2018-01-22
CAB,2016-04-04
CACH,2014-02-15
CAG,2017-10-17
CALC,2016-10-06
CAN,2018-01-08
CANDY,2018-01-30
CANN,2014-08-02
CAPP,2017-12-06
CARBON,2014-08-02
CAS,2018-02-15
CASH,2014-02-27
CAT,2013-12-28
CBX,2013-08-04
CC,2015-04-03
CCN,2014-04-25
CCO,2017-12-01
CCRB,2017-01-19
CCT,2017-10-09
CDN,2014-05-11
CDT,2017-08-07
CDX,2018-01-12
CEFS,2018-01-09
CENNZ,2018-03-13
CESC,2014-04-03
CF,2015-04-21
CFC,2014-05-13
CFD,2017-11-07
CFI,2017-06-19
CFUN,2018-01-10
CHAN,2017-06-28
CHAT,2018-01-20
CHC,2015-07-16
CHEAP,2017-06-19
CHESS,2016-07-02
CHIPS,2017-09-25
CHP,2018-03-08
CHSB,2018-02-03
CJ,2016-07-11
CKUSD,2018-04-11
CL,2018-01-09
CLAM,2014-08-26
CLD,2018-01-13
CLOAK,2014-06-07
CLR,2018-04-02
CLUB,2015-12-21
CME,2015-11-23
CMP,2017-08-03
CMPCO,2017-07-27
CMS,2017-12-14
CMT,2016-06-26
CND,2017-10-13
CNNC,2017-05-13
CNO,2014-03-18
CNT,2017-02-22
CNX,2017-10-07
COAL,2017-07-20
COB,2017-10-01
COFI,2018-01-29
COLX,2017-09-29
CON,2015-02-15
CONX,2017-04-18
COR,2017-10-13
COSS,2017-09-25
COUPE,2017-06-24
COV,2018-01-23
COVAL,2015-01-23
COXST,2016-04-18
CPAY,2017-12-28
CPC,2015-07-23
CPN,2015-07-16
CPY,2018-02-23
CRAVE,2015-03-26
CRB,2016-01-16
CRC,2017-12-12
CRDNC,2017-11-06
CREA,2017-05-14
CRED,2017-12-14
CREDO,2017-09-13
CREVA,2015-07-07
CRM,2017-07-31
CRPT,2018-01-22
CRT,2014-05-11
CRW,2014-11-08
CRX,2016-07-18
CRYPT,2014-05-26
CS,2018-03-03
CSC,2013-07-25
CSNO,2017-09-25
CTIC2,2017-07-24
CTIC3,2017-10-21
CTO,2015-05-19
CTR,2017-08-08
CTX,2017-11-07
CUBE,2015-10-24
CURE,2014-05-26
CV,2018-01-22
CVC,2017-07-17
CVCOIN,2017-07-15
CWXT,2017-02-15
CXO,2018-01-31
CXT,2017-04-17
CYC,2015-07-13
CYDER,2017-09-13
CYP,2015-04-11
DADI,2018-02-20
DAI,2017-12-27
DALC,2017-08-24
DAR,2017-01-12
DASH,2014-02-14
DASHS,2017-04-25
DAT,2017-12-15
DATA,2017-11-03
DATX,2018-03-08
DAV,2017-12-18
DAXX,2017-07-11
DAY,2017-09-25
DBC,2017-12-28
DBET,2017-11-13
DBG,2016-06-16
DBIX,2017-04-06
DBTC,2016-06-16
DCN,2017-08-11
DCR,2016-02-10
DCRE,2015-08-30
DCT,2016-12-10
DCY,2017-06-24
DDD,2018-01-20
DDF,2017-08-12
DEB,2018-03-13
DEM,2013-12-15
DENT,2017-08-12
DES,2016-02-26
DEUS,2017-04-20
DEW,2017-12-22
DFS,2017-09-23
DFT,2015-11-23
DGB,2014-02-06
DGC,2013-06-09
DGCS,2015-11-16
DGD,2016-04-18
DGPT,2017-11-20
DICE,2017-05-17
DIM,2017-12-27
DIME,2014-01-06
DISK,2016-05-04
DIVX,2017-11-27
DIX,2017-01-12
DLC,2016-09-21
DLISK,2016-07-13
DLT,2017-09-09
DMB,2017-05-24
DMC,2016-10-24
DMD,2013-12-19
DMT,2018-02-03
DNA,2017-11-20
DNR,2017-07-02
DNT,2017-08-03
DOGE,2013-12-15
DOLLAR,2016-12-21
DON,2014-06-15
DOPE,2014-02-22
DOT,2015-02-15
DOVU,2017-10-28
DP,2014-10-04
DPY,2017-11-08
DRG,2018-03-20
DRGN,2017-12-03
DRM,2014-05-13
DROP,2018-03-19
DRP,2017-11-09
DRPU,2018-02-08
DRS,2017-01-31
DRT,2017-10-19
DRXNE,2017-09-14
DSH,2014-10-07
DSR,2017-11-06
DTA,2018-01-22
DTB,2017-03-30
DTC,2013-12-07
DTH,2018-02-15
DTR,2017-12-20
DUO,2015-10-24
DUTCH,2017-10-19
DXT,2018-02-09
DYN,2017-03-26
EAC,2013-12-28
EAG,2017-11-16
EAGLE,2017-11-16
EBCH,2017-11-17
EBET,2017-10-07
EBST,2017-06-06
EBT,2017-04-18
EBTC,2017-10-31
ECA,2017-07-02
ECASH,2017-10-13
ECC,2014-03-20
ECH,2018-02-17
ECN,2017-04-11
ECO,2017-05-24
ECOB,2017-07-05
EDG,2017-03-30
EDO,2017-10-17
EDR,2016-08-26
EDRC,2016-04-08
EDT,2018-01-16
EFL,2014-03-26
EFYT,2017-06-29
EGC,2016-01-10
EGG,2015-04-30
EKO,2018-01-14
EKT,2018-01-24
EL,2016-05-05
ELA,2018-02-01
ELC,2013-06-09
ELE,2016-08-08
ELEC,2018-03-09
ELF,2017-12-21
ELITE,2017-10-27
ELIX,2017-09-23
ELLA,2017-10-30
ELS,2017-02-11
ELTCOIN,2017-11-04
EMB,2017-07-27
EMC,2014-08-23
EMC2,2014-04-09
EMD,2013-08-04
EMV,2017-04-17
ENG,2017-10-13
ENJ,2017-11-01
ENRG,2014-05-15
ENT,2016-12-07
EOS,2017-07-01
EPC,2018-01-30
EPY,2017-11-11
EQL,2018-01-30
EQT,2017-05-24
ERA,2017-07-31
ERC,2015-06-18
ERC20,2017-11-10
ERO,2017-12-06
ERY,2017-02-09
ESC,2018-01-04
ESP,2016-04-28
ESZ,2018-02-09
ETBS,2017-06-01
ETC,2016-07-24
ETG,2017-10-21
ETH,2015-08-07
ETHD,2017-09-19
ETHOS,2017-07-18
ETN,2017-11-02
ETP,2017-06-05
ETT,2017-06-10
EUC,2015-08-24
EVC,2017-11-29
EVE,2018-01-24
EVIL,2016-01-31
EVN,2018-02-15
EVO,2015-12-10
EVR,2017-10-19
EVX,2017-10-10
EXCL,2014-09-30
EXN,2017-10-16
EXP,2015-09-15
EXRN,2017-10-25
EXY,2018-02-26
EZT,2018-03-06
FAIR,2014-03-22
FAP,2017-10-29
FAZZ,2017-04-18
FCN,2014-06-08
FCT,2015-10-06
FDX,2018-01-02
FDZ,2018-04-04
FID,2017-08-27
FIL,2017-12-13
FIRE,2014-07-21
FJC,2015-06-14
FLAP,2014-02-22
FLASH,2017-06-26
FLAX,2015-07-25
FLDC,2014-09-16
FLIK,2017-10-07
FLIXX,2017-11-26
FLO,2013-11-27
FLT,2014-03-20
FLUZ,2018-03-14
FLY,2015-09-14
FNC,2017-07-11
FONZ,2015-09-15
FOR,2017-11-03
FOTA,2018-01-26
FRC,2013-05-03
FRD,2017-11-07
FRGC,2017-01-04
FRN,2016-01-31
FRST,2017-02-05
FRWC,2016-08-02
FSN,2018-02-16
FST,2013-07-04
FTC,2013-05-03
FUCK,2017-07-15
FUEL,2017-10-30
FUN,2017-06-27
FUNC,2017-05-11
FUNK,2015-06-18
FUTC,2015-07-21
FUZZ,2016-05-01
FXE,2017-07-11
FYN,2017-08-04
FYP,2017-10-31
GAIA,2014-10-11
GAIN,2016-08-08
GAM,2015-05-22
GAME,2014-09-01
GAP,2014-11-01
GARY,2016-08-19
GAS,2017-07-06
GAT,2018-01-20
GAY,2016-09-22
GB,2016-06-14
GBC,2015-12-05
GBG,2017-02-13
GBX,2017-11-20
GBYTE,2016-12-27
GCC,2015-08-21
GCN,2014-11-16
GCR,2015-08-26
GCS,2018-01-09
GDC,2013-12-17
GEERT,2017-03-14
GEM,2018-02-20
GEO,2015-02-22
GET,2018-01-11
GETX,2018-03-14
GJC,2018-01-16
GLA,2018-02-17
GLC,2013-08-04
GLD,2013-06-14
GLS,2017-11-27
GLT,2017-06-19
GML,2014-07-03
GMT,2017-10-26
GMX,2016-04-06
GNO,2017-05-01
GNT,2016-11-18
GNX,2017-12-18
GOD,2018-01-12
GOLF,2016-09-09
GOLOS,2016-12-13
GOOD,2017-06-25
GP,2015-01-16
GPL,2017-05-09
GPU,2016-05-31
GRC,2015-02-28
GRE,2014-06-23
GRFT,2018-03-09
GRID,2017-11-01
GRIM,2017-11-10
GRLC,2018-01-27
GRN,2014-06-12
GRS,2014-04-11
GRWI,2017-08-19
GRX,2017-11-17
GSR,2017-07-27
GTC,2017-07-11
GTO,2017-12-18
GUESS,2018-01-24
GUN,2014-05-11
GUP,2017-04-11
GVT,2017-11-15
GXS,2017-06-25
HAC,2018-01-15
HAL,2014-08-19
HALLO,2017-05-17
HAT,2017-11-14
HAV,2018-03-14
HBC,2017-12-28
HBN,2013-12-20
HBT,2017-10-09
HC,2018-01-17
HCC,2016-07-08
HDG,2017-10-22
HDLB,2017-09-29
HEAT,2016-07-12
HERO,2017-07-11
HGT,2017-10-12
HIGH,2017-11-02
HIRE,2018-03-18
HKN,2018-01-11
HLC,2018-01-30
HMC,2017-07-24
HMP,2016-02-16
HMQ,2017-05-11
HNC,2015-07-21
HODL,2016-03-18
HOLD,2017-11-11
HONEY,2017-03-20
HORSE,2018-01-17
HOT,2018-01-20
HPB,2018-01-09
HPC,2017-04-18
HPY,2018-01-01
HQX,2018-03-08
HSR,2017-08-20
HST,2017-11-13
HT,2018-02-03
HTC,2016-04-08
HTML,2017-12-28
HUC,2014-02-14
HUSH,2016-12-01
HVCO,2016-06-08
HVN,2017-09-10
HWC,2017-12-14
HXX,2015-06-26
HYP,2014-08-09
HYPER,2014-05-31
I0C,2013-11-27
IBANK,2017-01-23
IC,2018-01-15
ICE,2017-06-23
ICN,2014-02-17
ICOB,2017-01-20
ICON,2017-02-08
ICOO,2016-06-03
ICOS,2017-10-23
ICX,2017-10-27
IDH,2018-01-24
IDT,2018-01-16
IDXM,2018-01-19
IETH,2017-10-27
IFC,2013-07-10
IFLT,2017-01-12
IFT,2017-08-13
IGNIS,2017-12-13
IHT,2018-03-01
IMPS,2016-10-29
IMS,2016-03-18
IMX,2017-04-01
INCNT,2016-12-07
IND,2017-09-19
INDI,2018-02-10
INDIA,2017-09-29
INFX,2015-09-15
ING,2018-02-04
INK,2017-11-20
INN,2017-11-08
INPAY,2017-04-17
INS,2018-01-12
INSN,2017-05-17
INSTAR,2018-03-03
INT,2018-01-15
INXT,2017-10-07
IOC,2014-08-02
ION,2016-06-08
IOP,2016-11-29
IOST,2018-01-16
IPBC,2018-03-06
IPC,2018-01-20
IPL,2018-01-19
IPSX,2018-03-27
IQT,2017-09-19
IRL,2015-07-07
ISL,2015-09-28
ITC,2017-12-10
ITI,2017-05-12
ITNS,2017-11-16
ITT,2017-10-27
ITZ,2017-09-29
IXC,2013-05-08
IXT,2017-07-27
J,2014-08-26
J8T,2018-03-08
JC,2018-02-12
JET,2017-07-07
JEW,2018-02-10
JIN,2016-09-17
JIYO,2017-12-06
JNT,2018-02-05
JOBS,2016-10-09
JS,2017-10-27
JWL,2016-09-09
KARMA,2014-02-08
KASHH,2017-02-22
KAYI,2017-07-01
KB3,2016-09-03
KBR,2017-12-11
KCASH,2018-01-12
KCS,2017-10-24
KDC,2014-02-02
KED,2017-04-06
KEK,2017-07-31
KEY,2018-01-15
KICK,2017-10-04
KIN,2017-09-27
KLC,2016-02-26
KLN,2017-09-29
KMD,2017-02-05
KNC,2017-06-24
KOBO,2015-02-15
KORE,2014-06-21
KRB,2016-08-12
KRM,2018-01-12
KRONE,2017-09-06
KURT,2016-12-01
KUSH,2017-02-08
KZC,2018-01-13
LA,2017-10-25
LALA,2018-03-12
LANA,2016-05-18
LATX,2018-03-21
LAZ,2016-09-24
LBC,2016-07-07
LBTC,2017-07-20
LCC,2018-02-21
LCP,2014-05-21
LCT,2018-01-12
LDC,2018-03-12
LDCN,2017-01-19
LDOGE,2015-03-19
LEA,2015-04-19
LEAF,2014-02-02
LEDU,2018-03-06
LEND,2017-11-30
LEO,2015-08-04
LEPEN,2017-02-08
LET,2018-01-25
LEV,2018-01-12
LEVO,2016-10-17
LGD,2017-06-16
LGO,2018-03-21
LIFE,2017-10-22
LIGHT,2018-01-20
LINDA,2017-07-15
LINK,2017-09-20
LINX,2017-06-16
LIR,2016-07-13
LKC,2016-07-18
LKK,2016-11-14
LLT,2017-08-30
LMC,2016-09-09
LNC,2018-03-27
LOC,2017-12-18
LOCI,2018-02-10
LOG,2015-03-23
LOOM,2018-03-14
LRC,2017-08-30
LSK,2016-04-06
LST,2018-03-25
LTB,2014-03-12
LTC,2013-04-28
LTCR,2016-01-21
LTCU,2017-08-30
LUN,2017-05-01
LUNA,2017-01-17
LUX,2017-10-27
LVPS,2017-03-09
LYM,2018-03-01
MAC,2015-02-07
MAD,2015-09-01
MAG,2017-11-23
MAGE,2017-12-06
MAGN,2017-09-10
MAID,2014-04-28
MAN,2018-01-27
MANA,2017-09-17
MANNA,2015-07-27
MAO,2017-08-08
MAR,2017-02-22
MARS,2014-02-24
MARX,2017-03-07
MAX,2014-02-12
MAY,2017-05-30
MBI,2017-08-13
MBL,2016-10-06
MBRS,2017-07-15
MCAP,2017-05-30
MCI,2017-10-27
MCO,2017-07-03
MCR,2017-10-04
MCRN,2017-04-25
MDA,2017-09-11
MDC,2018-01-01
MDS,2017-12-13
MDT,2018-01-09
MEC,2013-07-07
MED,2017-12-22
MEDIC,2015-05-04
MEE,2018-01-25
MEME,2016-03-14
MER,2017-03-30
METAL,2015-01-28
MGC,2017-04-27
MGM,2017-02-07
MGO,2017-06-11
MILO,2017-03-18
MINEX,2017-08-07
MINT,2014-02-19
MIOTA,2017-06-13
MITH,2018-03-24
MKR,2017-01-29
MLM,2018-02-10
MLN,2017-02-22
MNC,2013-05-03
MND,2016-01-04
MNE,2017-05-13
MNM,2016-06-08
MNTP,2018-02-09
MNX,2017-11-02
MOAC,2018-01-16
MOBI,2018-01-20
MOD,2017-10-23
MOF,2018-01-22
MOIN,2016-01-04
MOJO,2016-04-06
MONA,2014-03-20
MONETA,2015-10-24
MONK,2017-11-26
MOON,2014-01-06
MOT,2018-01-01
MOTO,2014-06-03
MRJA,2014-10-24
MRT,2017-06-24
MSCN,2017-02-22
MSD,2017-10-01
MSP,2017-07-28
MST,2016-09-21
MTH,2017-09-06
MTL,2017-07-09
MTLMC3,2015-07-02
MTN,2018-02-03
MTNC,2017-09-06
MTX,2018-01-02
MUE,2014-11-01
MUSE,2015-05-07
MUSIC,2017-03-18
MVC,2018-01-17
MWAT,2018-02-17
MXT,2016-05-31
MYB,2017-08-19
MYST,2017-06-14
MZC,2014-02-27
NAMO,2017-08-27
NANJ,2018-03-20
NANO,2017-03-07
NANOX,2017-05-30
NAS,2017-08-23
NAV,2014-06-12
NBIT,2016-11-14
NCASH,2018-02-26
NCT,2018-04-10
NDC,2017-08-09
NEBL,2017-09-12
NEO,2016-09-09
NEOG,2017-11-13
NEOS,2014-08-26
NET,2013-12-17
NETKO,2017-03-20
NEU,2017-12-29
NEVA,2016-03-22
NEWB,2016-06-02
NGC,2017-12-23
NIO,2017-11-06
NKA,2015-01-28
NKC,2018-01-29
NLC2,2016-09-12
NLG,2014-04-08
NMC,2013-04-28
NMR,2017-06-23
NMS,2018-01-09
NOAH,2018-03-21
NOBL,2014-02-08
NODC,2016-12-13
NOTE,2014-03-08
NOX,2018-01-19
NPX,2018-03-21
NPXS,2018-03-22
NRO,2017-06-13
NSR,2014-10-25
NTK,2018-02-20
NTO,2017-09-02
NTRN,2015-04-21
NTWK,2017-10-27
NUKO,2017-12-06
NULS,2017-10-25
NUMUS,2018-01-09
NVC,2013-04-28
NVST,2017-07-10
NXC,2016-12-13
NXS,2015-01-25
NXT,2013-12-04
NXX,2017-08-09
NYAN,2014-02-10
NYC,2014-05-06
OAX,2017-07-31
OBITS,2015-11-30
OC,2018-01-30
OCC,2018-03-12
OCL,2017-09-13
OCN,2018-01-24
OCT,2017-07-25
ODE,2018-04-10
ODN,2017-09-30
OF,2018-01-24
OFF,2015-07-25
OK,2014-12-14
OMC,2016-09-24
OMG,2017-07-14
OMNI,2013-12-24
ONG,2017-12-01
ONION,2017-08-12
ONT,2018-03-08
ONX,2017-06-24
OP,2016-04-11
OPAL,2014-09-13
OPC,2018-01-09
OPES,2016-01-15
OPT,2017-08-29
ORB,2013-12-21
ORE,2018-01-17
ORME,2017-09-29
OS76,2015-10-19
OST,2017-12-19
OTN,2017-10-25
OTX,2017-06-23
OX,2017-08-24
OXY,2017-11-10
P7C,2015-04-17
PAK,2015-09-15
PARETO,2018-02-02
PART,2017-07-20
PASC,2016-12-07
PASL,2017-03-18
PAY,2017-06-27
PAYP,2016-03-31
PAYX,2017-11-16
PBL,2017-11-23
PBT,2017-07-27
PCL,2018-03-25
PCN,2017-07-11
PCOIN,2017-12-11
PCS,2016-12-21
PEPECASH,2016-09-29
PEX,2016-04-04
PFR,2017-12-03
PHO,2014-05-23
PHR,2017-11-07
PHS,2013-12-18
PIE,2017-03-03
PIGGY,2014-06-15
PING,2017-07-03
PINK,2014-05-11
PIPL,2017-10-16
PIRL,2017-10-27
PIVX,2016-02-13
PIX,2017-09-25
PIZZA,2016-08-22
PKB,2015-05-19
PKT,2017-12-20
PLACO,2017-10-29
PLAY,2017-12-31
PLBT,2017-07-06
PLC,2014-04-11
PLNC,2014-04-15
PLR,2017-07-24
PLU,2016-09-17
PLX,2017-11-26
PND,2014-02-27
PNX,2017-11-20
POA,2018-02-28
POE,2017-09-01
POKE,2016-08-05
POLIS,2018-01-11
POLL,2017-10-25
POLY,2018-02-02
PONZI,2016-05-18
POP,2014-04-23
POS,2017-10-11
POST,2016-04-08
POSW,2017-01-03
POT,2014-02-10
POWR,2017-11-01
PPC,2013-04-28
PPP,2017-10-10
PPT,2017-07-11
PPY,2017-06-13
PR,2015-10-12
PRA,2017-12-13
PRC,2017-02-26
PRE,2017-12-05
PRES,2016-08-15
PRG,2017-10-26
PRIMU,2017-07-21
PRIX,2017-11-16
PRL,2017-11-20
PRM,2016-05-31
PRN,2017-08-24
PRO,2017-09-19
PROC,2017-04-27
PRS,2018-01-24
PRX,2017-01-31
PST,2017-08-28
PSY,2016-03-22
PTC,2014-02-22
PTOY,2017-06-06
PULSE,2016-03-14
PURA,2015-03-27
PURE,2017-11-04
PUT,2016-07-07
PX,2016-08-22
PXC,2013-07-04
PXI,2014-10-04
PYLNT,2018-01-01
PZM,2017-05-19
Q2C,2014-02-14
QASH,2017-11-21
QAU,2017-06-08
QBC,2014-04-23
QBIC,2018-01-24
QBT,2016-10-24
QCN,2014-05-26
QLC,2017-12-29
QORA,2014-05-26
QRK,2013-08-25
QRL,2017-06-10
QSP,2017-11-21
QTL,2014-07-12
QTUM,2017-05-24
QUBE,2018-01-16
QUN,2018-01-12
QVT,2017-10-31
QWARK,2016-04-18
R,2017-11-01
RADS,2016-01-18
RAIN,2017-05-08
RBBT,2014-08-30
RBIES,2016-02-22
RBT,2014-10-26
RBX,2017-04-06
RBY,2014-03-20
RC,2016-01-05
RCN,2016-10-09
RCT,2018-01-17
RDD,2014-02-10
RDN,2017-11-08
READ,2018-01-20
REAL,2017-10-08
REBL,2018-01-11
REC,2017-10-01
RED,2014-01-24
REE,2016-07-11
REF,2018-01-20
REGA,2016-11-18
REM,2018-02-26
REN,2018-02-21
REP,2015-10-27
REQ,2017-10-20
REX,2017-09-13
RFR,2018-03-01
RHFC,2017-04-17
RHOC,2017-10-06
RIC,2014-02-27
RICHX,2016-05-31
RIDE,2017-02-22
RISE,2016-06-30
RIYA,2017-08-14
RKC,2017-10-16
RKT,2018-02-28
RLC,2017-04-20
RLT,2017-05-22
RMC,2017-07-02
RMT,2018-02-15
RNS,2017-03-02
RNT,2018-01-15
RNTB,2018-03-25
ROOFS,2017-10-29
ROYAL,2016-10-16
RPC,2014-01-06
RPX,2017-10-28
RSGP,2017-07-19
RUBIT,2015-11-23
RUFF,2018-01-29
RUNNERS,2017-10-22
RUP,2017-07-11
RUPX,2017-08-11
RVN,2018-03-10
RVR,2016-04-04
RVT,2017-09-25
RYZ,2017-11-27
SAFEX,2016-02-16
SAGA,2017-12-10
SAK,2015-03-09
SALT,2017-09-29
SAN,2017-07-12
SANDG,2015-10-12
SBC,2017-12-08
SBD,2016-07-18
SBTC,2017-12-15
SC,2015-08-26
SCC,2018-03-28
SCL,2017-09-19
SCORE,2017-04-01
SCRT,2015-11-16
SCS,2017-04-27
SCT,2017-12-21
SDC,2014-07-31
SDP,2015-08-24
SDRN,2017-10-12
SEN,2018-04-02
SENC,2018-04-02
SEND,2017-12-06
SENSE,2018-01-31
SEQ,2016-09-24
SETH,2018-03-01
SEXC,2018-01-20
SFC,2017-02-07
SFE,2016-05-20
SGR,2017-11-19
SH,2016-09-19
SHA,2014-06-25
SHDW,2017-08-12
SHELL,2015-05-09
SHIFT,2015-09-05
SHIP,2018-03-10
SHND,2015-10-30
SHORTY,2016-12-15
SHOW,2018-01-11
SHP,2018-03-12
SIB,2015-09-25
SIC,2017-10-17
SIG,2018-03-25
SIGMA,2017-08-27
SIGT,2017-07-24
SISA,2017-11-16
SJCX,2014-08-20
SJW,2015-08-07
SKC,2014-03-15
SKIN,2017-07-21
SKR,2016-10-14
SKULL,2017-06-26
SKY,2017-04-17
SLEVIN,2017-07-05
SLFI,2015-03-23
SLG,2014-09-23
SLOTH,2014-04-28
SLR,2014-03-29
SLS,2016-01-22
SLT,2018-01-25
SMART,2017-07-21
SMC,2014-02-06
SMLY,2015-01-28
SMOKE,2017-08-19
SMS,2018-01-30
SMT,2017-12-14
SNC,2017-07-06
SND,2017-10-08
SNGLS,2016-10-03
SNM,2017-06-16
SNOV,2017-12-08
SNRG,2015-06-08
SNT,2017-06-28
SOAR,2017-03-30
SOC,2018-01-27
SOCC,2017-07-02
SOIL,2015-11-12
SOJ,2017-08-14
SONG,2015-03-23
SOON,2015-01-28
SPACE,2015-09-09
SPANK,2017-11-23
SPC,2018-01-17
SPD,2018-03-27
SPEX,2016-03-01
SPF,2017-12-13
SPHR,2015-05-02
SPHTX,2017-12-26
SPK,2018-01-22
SPORT,2016-09-14
SPR,2014-10-26
SPRTS,2015-07-21
SPT,2013-07-25
SRC,2013-09-28
SRN,2017-12-28
SSC,2018-01-20
SSS,2017-11-14
STA,2017-07-18
STAC,2018-03-08
STAK,2018-01-01
STAR,2017-12-20
STARS,2017-11-07
START,2014-06-15
STC,2018-01-20
STEEM,2016-04-18
STEPS,2015-09-19
STEX,2017-06-06
STK,2018-02-02
STN,2018-01-11
STORJ,2017-07-02
STORM,2017-12-20
STQ,2018-03-14
STRAT,2016-08-12
STRC,2017-09-06
STU,2017-11-15
STV,2014-10-20
STX,2017-08-05
SUB,2017-09-25
SUMO,2017-05-30
SUP,2018-02-15
SUPER,2014-05-26
SUR,2017-08-30
SWFTC,2018-01-09
SWH,2018-04-02
SWIFT,2014-10-05
SWING,2015-09-28
SWM,2018-02-07
SWT,2017-03-03
SWTC,2018-01-12
SXC,2013-12-09
SXDT,2018-01-12
SXUT,2018-01-12
SYNX,2016-07-11
SYS,2014-08-20
TAAS,2017-03-30
TAG,2013-11-05
TAGR,2015-07-16
TAJ,2016-08-19
TALK,2014-05-02
TAU,2018-01-08
TBAR,2018-03-26
TBX,2018-01-24
TCC,2017-08-15
TCOIN,2016-12-21
TCR,2016-04-26
TCT,2018-01-11
TDX,2018-02-23
TEK,2014-05-20
TEL,2018-01-15
TELL,2016-09-19
TEN,2018-03-10
TER,2017-07-15
TES,2014-02-06
TESLA,2016-05-24
TFD,2018-03-10
TFL,2017-08-23
TGC,2013-12-21
TGT,2017-09-29
THC,2014-06-28
THETA,2018-01-17
THS,2016-08-26
TIE,2017-11-09
TIG,2018-02-15
TIME,2017-02-27
TIO,2018-01-12
TIPS,2013-12-31
TIT,2014-08-26
TIX,2017-08-09
TKN,2017-05-07
TKR,2017-09-25
TKS,2017-03-26
TKY,2018-02-07
TLE,2017-04-25
TMC,2018-01-22
TNB,2017-11-27
TNC,2018-01-22
TNT,2017-08-27
TOA,2017-07-24
TODAY,2016-08-22
TOK,2017-12-11
TOKC,2018-01-16
TOMO,2018-03-08
TOP,2014-02-17
TOPAZ,2017-05-08
TOPC,2018-01-12
TOR,2017-04-17
TPAY,2018-04-05
TRAC,2018-01-25
TRC,2013-04-28
TRCT,2017-10-19
TRDT,2017-12-15
TRF,2018-01-31
TRI,2014-07-21
TRIA,2017-11-24
TRICK,2015-04-01
TRIG,2016-10-11
TRK,2014-07-16
TROLL,2014-09-30
TRST,2017-04-20
TRUE,2018-01-24
TRUMP,2016-03-01
TRUST,2014-07-10
TRX,2017-09-13
TSE,2017-02-07
TSL,2017-11-21
TSTR,2017-04-01
TTC,2014-11-08
TTY,2015-01-19
TURBO,2017-07-01
TUSD,2018-03-06
TX,2015-08-21
TZC,2017-09-29
UBQ,2014-09-07
UBTC,2017-12-18
UCASH,2018-02-09
UET,2017-07-05
UFO,2014-02-27
UFR,2017-11-14
UGC,2018-01-13
UGT,2017-08-30
UIP,2018-01-24
UIS,2015-01-12
UKG,2017-11-06
ULA,2017-08-27
UNB,2014-05-23
UNC,2015-03-23
UNI,2017-04-01
UNIC,2015-06-14
UNIFY,2017-06-23
UNIT,2015-05-07
UNITS,2017-01-12
UNITY,2014-10-01
UNO,2013-12-21
UNRC,2017-07-05
UP,2018-03-21
UQC,2017-12-13
UR,2017-03-03
URO,2014-06-12
USC,2017-04-11
USDT,2015-02-25
USNBT,2014-09-24
UTC,2014-02-10
UTK,2017-12-29
UTNP,2018-02-15
UTT,2018-01-11
V,2017-06-01
VAL,2016-04-08
VASH,2014-11-23
VC,2014-08-09
VEC2,2015-09-04
VEE,2017-11-28
VEN,2017-08-22
VERI,2017-06-08
VIA,2014-07-18
VIB,2017-10-06
VIBE,2017-09-25
VIDZ,2017-01-19
VIP,2016-03-12
VISIO,2017-03-07
VIT,2018-04-03
VIU,2017-11-19
VIVO,2017-09-12
VLC,2018-01-30
VLT,2016-09-03
VLTC,2016-12-21
VOISE,2017-10-02
VOLT,2017-04-30
VOT,2017-11-24
VPRC,2016-08-12
VRC,2014-05-16
VRM,2016-09-17
VRS,2016-11-29
VSL,2016-12-19
VSX,2017-09-10
VTA,2014-08-09
VTC,2014-01-20
VTR,2014-12-25
VUC,2017-07-10
VULC,2017-10-30
VZT,2018-01-12
W3C,2018-02-17
WA,2016-11-10
WABI,2017-12-12
WAN,2018-03-23
WAND,2017-12-29
WARP,2016-02-03
WAVES,2016-06-02
WAX,2017-12-21
WBB,2015-02-28
WC,2017-11-20
WCT,2017-02-10
WDC,2013-05-22
WETH,2018-01-14
WGO,2017-04-25
WGR,2017-07-05
WHL,2017-10-07
WIC,2017-09-23
WILD,2017-10-08
WINGS,2017-01-11
WINK,2017-08-08
WISH,2017-11-28
WOMEN,2017-07-10
WORM,2017-03-30
WPR,2018-02-09
WRC,2017-12-18
WSX,2014-09-06
WTC,2017-08-27
X2,2015-12-15
XAS,2017-04-01
XAUR,2015-04-21
XBC,2014-05-04
XBL,2017-09-23
XBP,2018-03-27
XBTC21,2016-05-05
XBTS,2016-09-21
XBY,2017-04-20
XCN,2014-08-02
XCO,2015-03-06
XCP,2014-02-15
XCPO,2017-11-20
XCRE,2016-12-01
XCT,2016-03-16
XCXT,2017-08-14
XDN,2014-06-24
XEL,2017-06-24
XEM,2015-04-01
XFT,2016-04-26
XGOX,2017-10-18
XHI,2016-05-04
XID,2016-07-21
XIN,2017-10-02
XIOS,2017-10-26
XJO,2013-12-06
XLC,2017-06-24
XLM,2014-08-05
XLR,2017-04-01
XMCC,2017-08-27
XMG,2014-09-24
XMR,2014-05-21
XMY,2014-03-08
XNG,2016-04-13
XNK,2018-02-28
XNN,2017-10-27
XOT,2017-04-17
XP,2016-09-03
XPA,2017-09-19
XPD,2014-04-15
XPM,2013-07-11
XPTX,2016-05-17
XPY,2014-12-16
XQN,2014-11-23
XRA,2015-06-26
XRC,2016-12-01
XRE,2016-06-08
XRL,2017-07-15
XRP,2013-08-04
XRY,2017-07-24
XSH,2017-11-03
XSPEC,2017-01-14
XST,2014-07-10
XSTC,2017-01-14
XTD,2017-08-23
XTL,2018-04-09
XTO,2016-09-17
XTZ,2017-10-02
XUC,2017-10-25
XVC,2015-03-06
XVG,2014-10-25
XVP,2017-03-14
XWC,2014-04-18
XZC,2016-10-06
YAC,2013-06-09
YASH,2017-01-04
YEE,2018-01-20
YOC,2016-01-21
YOYOW,2017-08-19
YTN,2017-12-18
ZAP,2018-01-12
ZBC,2017-02-08
ZCG,2017-11-10
ZCL,2016-11-10
ZEC,2016-10-29
ZEIT,2014-03-20
ZEN,2017-06-01
ZENGOLD,2017-05-30
ZENI,2017-04-18
ZEPH,2017-11-08
ZER,2017-03-20
ZET,2013-09-11
ZIL,2018-01-25
ZLA,2018-02-03
ZMC,2016-11-18
ZNE,2016-08-15
ZNY,2015-07-09
ZOI,2016-11-10
ZPT,2018-01-30
ZRC,2017-06-16
ZRX,2017-08-16
ZSC,2017-10-13
ZSE,2017-03-30
ZUR,2016-05-09
ZYD,2016-09-17
ZZC,2017-11-21
