Date,Stocks,Bonds,Gold
2013-04-29,1593.61,73.535,1476.05
2013-04-30,1597.57,73.537,1476.55
2013-05-01,1582.7,73.659,1457.55
2013-05-02,1597.59,73.676,1466.65
2013-05-03,1614.42,73.327,1469.95
2013-05-06,1617.5,73.319,1469.45
2013-05-07,1625.96,73.248,1451.75
2013-05-08,1632.69,73.318,1473.15
2013-05-09,1626.67,73.201,1457.35
2013-05-10,1633.7,73.02,1446.65
2013-05-13,1633.77,72.943,1429.35
2013-05-14,1650.34,72.801,1423.65
2013-05-15,1658.78,72.888,1391.25
2013-05-16,1650.47,72.994,1384.55
2013-05-17,1667.47,72.835,1357.75
2013-05-20,1666.29,72.82,1392.65
2013-05-21,1669.16,72.888,1374.05
2013-05-22,1655.35,72.645,1368.85
2013-05-23,1650.51,72.637,1389.85
2013-05-24,1649.6,72.641,1385.25
2013-05-27,,,1394.45
2013-05-28,1660.06,72.252,1380.25
2013-05-29,1648.36,72.299,1392.55
2013-05-30,1654.41,72.252,1413.35
2013-05-31,1630.74,72.117,1387.35
2013-06-03,1640.42,72.049,1410.75
2013-06-04,1631.38,72.022,1399.45
2013-06-05,1608.9,71.994,1402.05
2013-06-06,1622.56,72.096,1412.75
2013-06-07,1643.38,71.911,1382.35
2013-06-10,1642.81,71.73,1386.15
2013-06-11,1626.13,71.766,1377.75
2013-06-12,1612.52,71.62,1387.75
2013-06-13,1636.36,71.937,1384.75
2013-06-14,1626.73,72.012,1390.05
2013-06-17,1639.04,71.964,1384.15
2013-06-18,1651.81,71.901,1367.45
2013-06-19,1628.93,71.485,1350.45
2013-06-20,1588.19,70.836,1277.05
2013-06-21,1592.43,70.541,1295.55
2013-06-24,1573.09,70.201,1281.95
2013-06-25,1588.03,70.366,1276.45
2013-06-26,1603.26,70.609,1224.05
2013-06-27,1613.2,70.894,1199.95
2013-06-28,1606.28,71.392,1233.75
2013-07-01,1614.96,71.051,1252.45
2013-07-02,1614.08,71.063,1241.75
2013-07-03,1615.41,71.013,1251.85
2013-07-04,,,1249.15
2013-07-05,1631.89,70.224,1221.95
2013-07-08,1640.46,70.541,1235.65
2013-07-09,1652.32,70.618,1249.35
2013-07-10,1652.62,70.445,1261.75
2013-07-11,1675.02,70.921,1283.85
2013-07-12,1680.19,70.825,1284.15
2013-07-15,1682.5,71.015,1281.75
2013-07-16,1676.26,71.116,1290.35
2013-07-17,1680.91,71.28,1273.45
2013-07-18,1689.37,71.164,1282.75
2013-07-19,1692.09,71.349,1295.05
2013-07-22,1695.53,71.397,1334.45
2013-07-23,1692.39,71.38,1347.45
2013-07-24,1685.94,71.144,1320.75
2013-07-25,1690.25,71.12,1333.65
2013-07-26,1691.65,71.169,1333.05
2013-07-29,1685.33,71.164,1327.45
2013-07-30,1685.96,71.116,1326.35
2013-07-31,1685.73,71.198,1322.55
2013-08-01,1706.87,70.857,1308.35
2013-08-02,1709.67,71.081,1310.95
2013-08-05,1707.14,71.108,1303.25
2013-08-06,1697.37,71.065,1281.5
2013-08-07,1690.91,71.169,1286.4
2013-08-08,1697.48,71.208,1311.7
2013-08-09,1691.42,71.295,1313.5
2013-08-12,1689.47,71.159,1336.0
2013-08-13,1694.16,70.919,1320.3
2013-08-14,1685.39,70.881,1335.7
2013-08-15,1661.32,70.623,1365.9
2013-08-16,1655.83,70.441,1376.3
2013-08-19,1646.06,70.236,1364.9
2013-08-20,1652.35,70.441,1370.6
2013-08-21,1642.8,70.165,1366.1
2013-08-22,1656.96,70.236,1375.7
2013-08-23,1663.5,70.441,1397.4
2013-08-26,1656.78,70.563,1404.7
2013-08-27,1630.48,70.742,1415.6
2013-08-28,1634.96,70.615,1417.8
2013-08-29,1638.17,70.685,1406.9
2013-08-30,1632.97,71.051,1395.0
2013-09-02,,,1391.9
2013-09-03,1639.77,70.434,1411.9
2013-09-04,1653.08,70.343,1391.3
2013-09-05,1655.08,69.857,1367.5
2013-09-06,1655.17,70.121,1391.7
2013-09-09,1671.71,70.3,1386.4
2013-09-10,1683.99,70.146,1363.1
2013-09-11,1689.13,70.343,1365.6
2013-09-12,1683.42,70.327,1320.8
2013-09-13,1687.99,70.441,1326.1
2013-09-16,1697.6,70.528,1313.7
2013-09-17,1704.76,70.588,1309.7
2013-09-18,1725.52,71.152,1364.9
2013-09-19,1722.34,71.074,1365.1
2013-09-20,1709.91,71.065,1326.1
2013-09-23,1701.84,71.119,1322.0
2013-09-24,1697.42,71.271,1323.2
2013-09-25,1692.77,71.42,1333.1
2013-09-26,1698.67,71.317,1323.9
2013-09-27,1691.75,71.333,1336.9
2013-09-30,1681.55,71.846,1328.2
2013-10-01,1695.0,71.291,1287.6
2013-10-02,1693.87,71.373,1316.1
2013-10-03,1678.66,71.407,1316.8
2013-10-04,1690.5,71.328,1310.9
2013-10-07,1676.12,71.382,1322.3
2013-10-08,1655.45,71.354,1318.9
2013-10-09,1656.4,71.311,1307.0
2013-10-10,1692.56,71.328,1286.2
2013-10-11,1703.2,71.354,1271.9
2013-10-14,1710.14,71.212,1272.7
2013-10-15,1698.06,71.194,1280.1
2013-10-16,1721.54,71.493,1281.8
2013-10-17,1733.15,71.741,1319.4
2013-10-18,1744.5,71.824,1315.9
2013-10-21,1744.66,71.733,1315.9
2013-10-22,1754.67,71.96,1340.2
2013-10-23,1746.38,71.99,1332.7
2013-10-24,1752.07,71.99,1346.5
2013-10-25,1759.77,72.075,1350.7
2013-10-28,1762.11,72.009,1352.4
2013-10-29,1771.95,72.055,1344.0
2013-10-30,1763.31,71.984,1340.7
2013-10-31,1756.54,72.305,1322.8
2013-11-01,1761.64,71.797,1315.9
2013-11-04,1767.93,71.842,1314.2
2013-11-05,1762.97,71.622,1311.6
2013-11-06,1770.49,71.75,1317.3
2013-11-07,1747.15,71.891,1307.2
2013-11-08,1770.61,71.422,1288.0
2013-11-11,1771.89,71.362,1281.3
2013-11-12,1767.69,71.328,1265.2
2013-11-13,1782.0,71.517,1281.3
2013-11-14,1790.62,71.723,1286.8
2013-11-15,1798.18,71.75,1289.5
2013-11-18,1791.53,71.882,1275.1
2013-11-19,1787.87,71.741,1274.4
2013-11-20,1781.37,71.542,1241.9
2013-11-21,1795.85,71.542,1241.6
2013-11-22,1804.76,71.706,1243.0
2013-11-25,1802.48,71.76,1251.05
2013-11-26,1802.75,71.77,1241.65
2013-11-27,1807.23,71.741,1237.2
2013-11-28,,,1244.6
2013-11-29,1805.81,71.929,1250.8
2013-12-02,1800.9,71.505,1218.6
2013-12-03,1795.15,71.575,1223.5
2013-12-04,1792.81,71.47,1242.6
2013-12-05,1785.03,71.348,1224.4
2013-12-06,1805.09,71.451,1228.4
2013-12-09,1808.37,71.52,1239.7
2013-12-10,1802.62,71.672,1261.2
2013-12-11,1782.22,71.547,1251.7
2013-12-12,1775.5,71.367,1224.5
2013-12-13,1775.32,71.443,1238.1
2013-12-16,1786.54,71.47,1240.2
2013-12-17,1781.0,71.6,1230.7
2013-12-18,1810.65,71.575,1218.0
2013-12-19,1809.6,71.443,1187.3
2013-12-20,1818.32,71.575,1202.4
2013-12-23,1827.99,71.489,1197.7
2013-12-24,1833.32,71.178,1204.0
2013-12-26,1842.02,71.069,1210.2
2013-12-27,1841.4,71.069,1212.7
2013-12-30,1841.07,71.187,1196.1
2013-12-31,1848.36,71.157,1203.6
2014-01-02,1831.98,71.223,1222.2
2014-01-03,1831.37,71.23,1236.2
2014-01-06,1826.77,71.295,1237.0
2014-01-07,1837.88,71.387,1231.1
2014-01-08,1837.49,71.148,1225.1
2014-01-09,1838.13,71.285,1226.9
2014-01-10,1842.37,71.628,1247.8
2014-01-13,1819.2,71.73,1252.4
2014-01-14,1838.88,71.618,1244.9
2014-01-15,1848.38,71.576,1241.3
2014-01-16,1845.89,71.739,1242.1
2014-01-17,1838.7,71.821,1253.6
2014-01-20,,,1254.6
2014-01-21,1843.8,71.821,1239.9
2014-01-22,1844.86,71.692,1236.4
2014-01-23,1828.46,71.888,1264.3
2014-01-24,1790.29,72.073,1269.8
2014-01-27,1781.56,71.939,1256.4
2014-01-28,1792.5,71.999,1255.6
2014-01-29,1774.2,72.165,1267.8
2014-01-30,1794.19,72.165,1243.2
2014-01-31,1782.59,72.267,1244.2
2014-02-03,1741.89,72.492,1256.9
2014-02-04,1755.2,72.374,1254.2
2014-02-05,1751.64,72.232,1257.4
2014-02-06,1773.43,72.203,1257.4
2014-02-07,1797.02,72.293,1267.0
2014-02-10,1799.84,72.335,1274.5
2014-02-11,1819.75,72.185,1290.7
2014-02-12,1819.26,72.054,1291.7
2014-02-13,1829.83,72.242,1302.7
2014-02-14,1838.63,72.212,1318.7
2014-02-17,,,1328.8
2014-02-18,1840.76,72.307,1322.2
2014-02-19,1828.75,72.252,1310.9
2014-02-20,1839.78,72.242,1322.9
2014-02-21,1836.25,72.293,1324.2
2014-02-24,1847.61,72.276,1336.7
2014-02-25,1845.12,72.411,1341.7
2014-02-26,1845.16,72.568,1329.8
2014-02-27,1854.29,72.656,1331.7
2014-02-28,1859.45,72.603,1326.4
2014-03-03,1845.73,72.756,1350.4
2014-03-04,1873.91,72.503,1334.4
2014-03-05,1873.81,72.604,1336.9
2014-03-06,1877.03,72.421,1350.6
2014-03-07,1878.04,72.213,1340.2
2014-03-10,1877.17,72.261,1340.3
2014-03-11,1867.63,72.253,1349.0
2014-03-12,1868.2,72.394,1366.8
2014-03-13,1846.34,72.613,1371.6
2014-03-14,1841.13,72.57,1383.2
2014-03-17,1858.83,72.468,1366.4
2014-03-18,1872.25,72.551,1357.2
2014-03-19,1860.77,72.213,1327.7
2014-03-20,1872.01,72.15,1330.8
2014-03-21,1866.52,72.352,1335.3
2014-03-24,1857.44,72.36,1309.8
2014-03-25,1865.62,72.345,1311.2
2014-03-26,1852.56,72.542,1305.7
2014-03-27,1849.04,72.613,1292.7
2014-03-28,1857.62,72.477,1295.7
2014-03-31,1872.34,72.477,1284.4
2014-04-01,1885.52,72.394,1279.1
2014-04-02,1890.9,72.26,1290.0
2014-04-03,1888.77,72.317,1286.7
2014-04-04,1865.09,72.532,1303.7
2014-04-07,1845.04,72.668,1296.9
2014-04-08,1851.96,72.72,1308.2
2014-04-09,1872.18,72.705,1312.4
2014-04-10,1833.08,72.929,1318.3
2014-04-11,1815.69,72.97,1318.6
2014-04-14,1830.61,72.96,1326.9
2014-04-15,1842.98,72.997,1302.5
2014-04-16,1862.31,72.952,1302.4
2014-04-17,1864.85,72.766,1294.9
2014-04-21,1871.89,72.781,1290.4
2014-04-22,1879.55,72.781,1283.5
2014-04-23,1875.39,72.899,1283.9
2014-04-24,1878.61,72.919,1293.7
2014-04-25,1863.4,72.945,1303.2
2014-04-28,1869.43,72.861,1296.3
2014-04-29,1878.33,72.899,1295.8
2014-04-30,1883.95,73.06,1291.3
2014-05-01,1883.68,73.24,1284.7
2014-05-02,1881.14,73.319,1299.7
2014-05-05,1884.66,73.24,1309.6
2014-05-06,1867.72,73.312,1307.8
2014-05-07,1878.21,73.346,1289.8
2014-05-08,1875.63,73.383,1289.8
2014-05-09,1878.48,73.293,1288.8
2014-05-12,1896.65,73.22,1295.6
2014-05-13,1897.45,73.356,1294.3
2014-05-14,1888.53,73.541,1305.6
2014-05-15,1870.85,73.678,1296.5
2014-05-16,1877.86,73.678,1293.5
2014-05-19,1885.08,73.649,1292.8
2014-05-20,1872.83,73.688,1294.4
2014-05-21,1888.03,73.622,1292.0
2014-05-22,1892.49,73.578,1293.9
2014-05-23,1900.53,73.649,1292.6
2014-05-26,,,1292.9
2014-05-27,1911.91,73.724,1263.7
2014-05-28,1909.78,73.963,1258.9
2014-05-29,1920.03,73.898,1255.5
2014-05-30,1923.57,73.831,1249.7
2014-06-02,1924.97,73.647,1243.5
2014-06-03,1924.24,73.468,1244.9
2014-06-04,1927.88,73.477,1243.7
2014-06-05,1940.46,73.559,1253.4
2014-06-06,1949.44,73.549,1253.3
2014-06-09,1951.27,73.486,1252.2
2014-06-10,1950.79,73.343,1260.1
2014-06-11,1943.89,73.371,1260.9
2014-06-12,1930.11,73.559,1273.4
2014-06-13,1936.16,73.54,1277.1
2014-06-16,1937.78,73.522,1271.8
2014-06-17,1941.99,73.353,1271.8
2014-06-18,1956.98,73.54,1277.8
2014-06-19,1959.48,73.477,1320.7
2014-06-20,1962.87,73.522,1315.4
2014-06-23,1962.61,73.494,1318.5
2014-06-24,1949.98,73.63,1319.2
2014-06-25,1959.53,73.732,1319.4
2014-06-26,1957.22,73.83,1317.8
2014-06-27,1960.96,73.83,1316.9
2014-06-30,1960.23,73.888,1327.9
2014-07-01,1973.32,73.751,1327.2
2014-07-02,1974.62,73.55,1327.9
2014-07-03,1985.44,73.459,1320.5
2014-07-04,,,1321.3
2014-07-07,1977.65,73.55,1320.9
2014-07-08,1963.71,73.688,1320.5
2014-07-09,1972.83,73.761,1327.7
2014-07-10,1964.68,73.779,1336.2
2014-07-11,1967.57,73.883,1339.6
2014-07-14,1977.1,73.779,1307.9
2014-07-15,1973.28,73.724,1294.7
2014-07-16,1981.57,73.751,1300.2
2014-07-17,1958.12,73.944,1318.8
2014-07-18,1978.22,73.944,1311.4
2014-07-21,1973.63,73.944,1312.6
2014-07-22,1983.53,74.046,1308.1
2014-07-23,1987.01,74.01,1304.9
2014-07-24,1987.98,73.867,1294.0
2014-07-25,1978.34,74.0,1307.2
2014-07-28,1978.91,73.982,1306.5
2014-07-29,1969.95,74.046,1300.7
2014-07-30,1970.07,73.77,1297.3
2014-07-31,1930.67,73.688,1283.3
2014-08-01,1925.15,73.929,1294.8
2014-08-04,1938.99,74.03,1289.1
2014-08-05,1920.21,73.929,1289.5
2014-08-06,1920.24,74.012,1306.9
2014-08-07,1909.57,74.177,1314.4
2014-08-08,1931.59,74.122,1310.8
2014-08-11,1936.92,74.159,1309.4
2014-08-12,1933.75,74.093,1310.0
2014-08-13,1946.72,74.234,1313.9
2014-08-14,1955.18,74.303,1313.9
2014-08-15,1955.06,74.436,1305.8
2014-08-18,1971.74,74.284,1298.2
2014-08-19,1981.6,74.276,1296.2
2014-08-20,1986.51,74.169,1292.6
2014-08-21,1992.37,74.251,1277.3
2014-08-22,1988.4,74.251,1281.7
2014-08-25,1997.92,74.276,1277.2
2014-08-26,2000.02,74.312,1281.5
2014-08-27,2000.12,74.427,1283.6
2014-08-28,1996.74,74.527,1290.0
2014-08-29,2003.37,74.527,1288.2
2014-09-01,,,1287.9
2014-09-02,2002.28,74.274,1266.6
2014-09-03,2000.72,74.396,1270.1
2014-09-04,1997.65,74.274,1261.8
2014-09-05,2007.71,74.249,1269.4
2014-09-08,2001.54,74.195,1256.4
2014-09-09,1988.44,74.065,1256.7
2014-09-10,1995.69,73.926,1249.9
2014-09-11,1997.45,73.874,1241.1
2014-09-12,1985.54,73.76,1230.3
2014-09-15,1984.13,73.795,1233.3
2014-09-16,1998.98,73.769,1235.5
2014-09-17,2001.57,73.677,1224.2
2014-09-18,2011.36,73.687,1225.8
2014-09-19,2010.4,73.841,1216.2
2014-09-22,1994.29,73.926,1215.4
2014-09-23,1982.77,73.963,1223.4
2014-09-24,1998.3,73.917,1217.4
2014-09-25,1965.99,74.101,1222.6
2014-09-26,1982.85,74.028,1218.8
2014-09-29,1977.8,74.12,1215.5
2014-09-30,1972.29,74.101,1209.3
2014-10-01,1946.16,74.417,1213.4
2014-10-02,1946.17,74.361,1214.9
2014-10-03,1967.9,74.321,1191.6
2014-10-06,1964.82,74.49,1207.3
2014-10-07,1935.1,74.684,1208.9
2014-10-08,1968.89,74.88,1222.0
2014-10-09,1928.21,74.766,1224.2
2014-10-10,1906.13,74.825,1223.3
2014-10-13,1874.74,75.044,1237.1
2014-10-14,1877.7,75.147,1232.6
2014-10-15,1862.49,75.314,1241.4
2014-10-16,1862.76,75.192,1239.4
2014-10-17,1886.76,75.138,1238.6
2014-10-20,1904.01,75.201,1247.1
2014-10-21,1941.28,75.089,1249.7
2014-10-22,1927.11,75.071,1241.3
2014-10-23,1950.82,74.842,1232.3
2014-10-24,1964.58,74.906,1230.9
2014-10-27,1961.63,74.88,1225.8
2014-10-28,1985.05,74.832,1228.2
2014-10-29,1982.3,74.711,1211.3
2014-10-30,1994.65,74.766,1199.8
2014-10-31,2018.05,74.637,1172.2
2014-11-03,2017.81,74.601,1165.6
2014-11-04,2012.1,74.585,1168.0
2014-11-05,2023.57,74.677,1139.9
2014-11-06,2031.21,74.502,1141.2
2014-11-07,2031.92,74.76,1177.4
2014-11-10,2038.26,74.601,1151.8
2014-11-11,2039.68,74.64,1163.1
2014-11-12,2038.25,74.631,1161.7
2014-11-13,2039.33,74.687,1161.7
2014-11-14,2039.82,74.707,1188.0
2014-11-17,2041.32,74.707,1186.6
2014-11-18,2051.8,74.81,1196.8
2014-11-19,2048.72,74.621,1182.4
2014-11-20,2052.75,74.714,1194.1
2014-11-21,2063.5,74.873,1200.9
2014-11-24,2069.41,74.882,1198.7
2014-11-25,2067.03,75.02,1201.0
2014-11-26,2072.83,75.132,1198.0
2014-11-27,,,1190.2
2014-11-28,2067.56,75.257,1165.8
2014-12-01,2053.44,75.147,1211.5
2014-12-02,2066.55,74.977,1197.6
2014-12-03,2074.33,74.959,1209.4
2014-12-04,2071.92,75.089,1205.9
2014-12-05,2075.37,74.869,1192.5
2014-12-08,2060.31,75.025,1203.7
2014-12-09,2059.82,75.053,1231.9
2014-12-10,2026.14,75.253,1225.6
2014-12-11,2035.33,75.183,1227.8
2014-12-12,2002.33,75.433,1223.3
2014-12-15,1989.63,75.297,1193.9
2014-12-16,1972.74,75.471,1195.4
2014-12-17,2012.89,75.288,1189.2
2014-12-18,2061.23,75.174,1198.4
2014-12-19,2070.65,75.334,1195.8
2014-12-22,2078.54,75.297,1176.9
2014-12-23,2082.17,74.816,1177.3
2014-12-24,2081.88,74.843,1175.0
2014-12-26,2088.77,74.907,1196.0
2014-12-29,2090.57,75.036,1183.0
2014-12-30,2080.35,75.091,1200.2
2014-12-31,2058.9,75.15,1184.1
2015-01-02,2058.2,75.397,1188.5
2015-01-05,2020.58,75.624,1204.8
2015-01-06,2002.61,75.836,1219.1
2015-01-07,2025.9,75.882,1211.2
2015-01-08,2062.14,75.764,1208.9
2015-01-09,2044.81,75.892,1223.3
2015-01-12,2028.26,75.997,1233.3
2015-01-13,2023.03,76.071,1231.1
2015-01-14,2011.27,76.239,1229.0
2015-01-15,1992.67,76.583,1262.9
2015-01-16,2019.42,76.347,1280.7
2015-01-19,,,1277.1
2015-01-20,2022.55,76.264,1294.4
2015-01-21,2032.12,76.126,1293.1
2015-01-22,2063.15,76.143,1302.3
2015-01-23,2051.82,76.386,1294.3
2015-01-26,2057.09,76.292,1282.2
2015-01-27,2029.55,76.338,1293.4
2015-01-28,2002.16,76.617,1284.2
2015-01-29,2021.25,76.536,1258.6
2015-01-30,1994.99,76.955,1284.2
2015-02-02,2020.85,76.86,1274.6
2015-02-03,2050.03,76.625,1260.8
2015-02-04,2041.51,76.653,1269.4
2015-02-05,2062.52,76.488,1264.9
2015-02-06,2055.47,75.995,1234.0
2015-02-09,2046.74,75.965,1238.8
2015-02-10,2068.59,75.825,1233.6
2015-02-11,2068.53,75.825,1217.9
2015-02-12,2088.48,75.86,1221.8
2015-02-13,2096.99,75.692,1229.5
2015-02-16,,,1230.7
2015-02-17,2100.34,75.385,1209.2
2015-02-18,2099.68,75.603,1212.9
2015-02-19,2097.45,75.537,1206.8
2015-02-20,2110.3,75.555,1201.9
2015-02-23,2109.66,75.711,1201.4
2015-02-24,2115.48,76.022,1200.7
2015-02-25,2113.86,76.097,1203.9
2015-02-26,2110.74,75.88,1209.2
2015-02-27,2104.5,75.946,1212.9
2015-03-02,2117.39,75.702,1206.2
2015-03-03,2107.78,75.613,1203.5
2015-03-04,2098.53,75.613,1200.2
2015-03-05,2101.04,75.66,1197.4
2015-03-06,2071.26,75.219,1166.3
2015-03-09,2079.43,75.306,1166.5
2015-03-10,2044.16,75.603,1161.6
2015-03-11,2040.24,75.687,1154.0
2015-03-12,2065.95,75.737,1152.9
2015-03-13,2053.4,75.669,1157.6
2015-03-16,2081.19,75.809,1153.9
2015-03-17,2074.28,75.872,1148.6
2015-03-18,2099.5,76.34,1167.3
2015-03-19,2089.27,76.118,1170.5
2015-03-20,2108.1,76.311,1181.9
2015-03-23,2104.42,76.349,1189.2
2015-03-24,2091.5,76.481,1192.1
2015-03-25,2061.05,76.358,1194.3
2015-03-26,2056.15,76.118,1203.9
2015-03-27,2061.02,76.188,1197.7
2015-03-30,2086.24,76.275,1185.6
2015-03-31,2067.89,76.358,1183.1
2015-04-01,2059.69,76.516,1204.0
2015-04-02,2066.96,76.412,1202.6
2015-04-06,2080.62,76.476,1214.6
2015-04-07,2076.33,76.525,1208.3
2015-04-08,2081.9,76.467,1202.6
2015-04-09,2091.18,76.298,1194.2
2015-04-10,2102.06,76.261,1207.4
2015-04-13,2092.43,76.279,1198.6
2015-04-14,2095.84,76.421,1192.1
2015-04-15,2106.63,76.496,1201.6
2015-04-16,2104.99,76.476,1198.0
2015-04-17,2081.18,76.606,1203.8
2015-04-20,2100.4,76.525,1195.8
2015-04-21,2097.29,76.43,1202.0
2015-04-22,2107.96,76.148,1186.7
2015-04-23,2112.93,76.289,1193.1
2015-04-24,2117.69,76.412,1178.5
2015-04-27,2108.92,76.353,1201.2
2015-04-28,2114.76,76.123,1211.4
2015-04-29,2106.85,75.877,1204.1
2015-04-30,2085.51,75.962,1183.4
2015-05-01,2108.29,75.731,1177.4
2015-05-04,2114.49,75.625,1187.4
2015-05-05,2089.46,75.502,1192.5
2015-05-06,2080.15,75.29,1190.8
2015-05-07,2088.0,75.447,1183.7
2015-05-08,2116.1,75.653,1187.6
2015-05-11,2105.33,75.254,1183.0
2015-05-12,2099.12,75.168,1192.6
2015-05-13,2098.48,75.129,1214.7
2015-05-14,2121.1,75.274,1220.9
2015-05-15,2122.73,75.579,1223.6
2015-05-18,2129.2,75.299,1225.3
2015-05-19,2127.83,75.138,1207.6
2015-05-20,2125.85,75.138,1209.3
2015-05-21,2130.82,75.37,1206.2
2015-05-22,2126.06,75.326,1205.7
2015-05-25,,,1207.4
2015-05-26,2104.2,75.512,1188.0
2015-05-27,2123.48,75.549,1188.2
2015-05-28,2120.79,75.559,1188.6
2015-05-29,2107.39,75.588,1190.7
2015-06-01,2111.73,75.332,1189.5
2015-06-02,2109.6,75.124,1193.3
2015-06-03,2114.07,74.789,1185.4
2015-06-04,2095.84,74.972,1176.4
2015-06-05,2092.83,74.682,1171.3
2015-06-08,2079.28,74.773,1173.2
2015-06-09,2080.15,74.552,1175.8
2015-06-10,2105.2,74.392,1185.2
2015-06-11,2108.86,74.746,1181.4
2015-06-12,2094.11,74.692,1180.9
2015-06-15,2084.43,74.702,1185.7
2015-06-16,2096.29,74.892,1181.1
2015-06-17,2100.44,74.918,1184.5
2015-06-18,2121.24,74.863,1201.5
2015-06-19,2109.99,75.076,1199.9
2015-06-22,2122.85,74.719,1185.5
2015-06-23,2124.2,74.543,1177.6
2015-06-24,2108.58,74.682,1174.4
2015-06-25,2102.31,74.58,1172.4
2015-06-26,2101.49,74.441,1174.8
2015-06-29,2057.64,74.817,1179.7
2015-06-30,2063.11,74.746,1172.2
2015-07-01,2077.42,74.564,1167.8
2015-07-02,2076.78,74.749,1165.3
2015-07-03,,,1167.8
2015-07-06,2068.76,75.006,1169.4
2015-07-07,2081.34,75.08,1154.3
2015-07-08,2046.68,75.291,1157.3
2015-07-09,2051.31,75.043,1158.8
2015-07-10,2076.62,74.695,1162.6
2015-07-13,2099.6,74.518,1156.9
2015-07-14,2108.95,74.658,1154.4
2015-07-15,2107.4,74.867,1148.2
2015-07-16,2124.29,74.867,1143.7
2015-07-17,2126.64,74.877,1133.1
2015-07-20,2128.28,74.776,1096.6
2015-07-21,2119.21,74.913,1100.1
2015-07-22,2114.15,74.939,1093.0
2015-07-23,2102.15,75.118,1089.4
2015-07-24,2079.65,75.167,1098.4
2015-07-27,2067.64,75.309,1093.9
2015-07-28,2093.25,75.183,1095.1
2015-07-29,2108.57,75.118,1096.2
2015-07-30,2108.63,75.147,1087.8
2015-07-31,2103.84,75.399,1094.9
2015-08-03,2098.04,75.579,1085.7
2015-08-04,2093.32,75.316,1087.2
2015-08-05,2099.84,75.199,1084.1
2015-08-06,2083.56,75.245,1088.9
2015-08-07,2077.57,75.398,1093.3
2015-08-10,2104.18,75.245,1103.8
2015-08-11,2084.07,75.532,1108.2
2015-08-12,2086.05,75.502,1124.9
2015-08-13,2083.39,75.345,1114.3
2015-08-14,2091.54,75.316,1114.2
2015-08-17,2102.44,75.457,1116.8
2015-08-18,2096.92,75.316,1117.1
2015-08-19,2079.61,75.588,1133.6
2015-08-20,2035.73,75.653,1152.5
2015-08-21,1970.89,75.769,1160.5
2015-08-24,1893.21,75.751,1154.3
2015-08-25,1867.61,75.502,1140.1
2015-08-26,1940.51,75.181,1124.6
2015-08-27,1987.66,75.28,1124.8
2015-08-28,1988.87,75.316,1132.9
2015-08-31,1972.18,75.218,1133.9
2015-09-01,1913.85,75.397,1139.3
2015-09-02,1948.86,75.344,1133.2
2015-09-03,1951.13,75.397,1124.5
2015-09-04,1921.22,75.587,1120.9
2015-09-07,,,1118.1
2015-09-08,1969.41,75.397,1120.9
2015-09-09,1942.04,75.378,1105.4
2015-09-10,1952.29,75.226,1110.2
2015-09-11,1961.05,75.378,1106.8
2015-09-14,1953.03,75.397,1107.6
2015-09-15,1978.09,75.085,1104.4
2015-09-16,1995.31,75.039,1118.4
2015-09-17,1990.2,75.465,1130.2
2015-09-18,1958.03,75.68,1138.3
2015-09-21,1966.97,75.397,1132.7
2015-09-22,1942.74,75.54,1123.9
2015-09-23,1938.76,75.54,1129.6
2015-09-24,1932.24,75.568,1153.4
2015-09-25,1931.34,75.426,1145.8
2015-09-28,1881.77,75.624,1131.4
2015-09-29,1884.09,75.68,1126.8
2015-09-30,1920.03,75.824,1114.3
2015-10-01,1923.82,75.863,1112.8
2015-10-02,1951.36,76.157,1137.9
2015-10-05,1987.05,75.854,1135.2
2015-10-06,1979.92,75.959,1146.8
2015-10-07,1995.83,75.959,1144.9
2015-10-08,2013.43,75.837,1138.4
2015-10-09,2014.89,75.828,1155.4
2015-10-12,2017.46,75.959,1163.4
2015-10-13,2003.69,76.007,1168.5
2015-10-14,1994.24,76.28,1183.9
2015-10-15,2023.86,76.138,1183.0
2015-10-16,2033.11,76.11,1176.8
2015-10-19,2033.66,76.11,1170.4
2015-10-20,2030.77,75.989,1175.9
2015-10-21,2018.94,76.129,1166.9
2015-10-22,2052.51,76.252,1165.9
2015-10-23,2075.15,76.065,1164.1
2015-10-26,2071.18,76.147,1163.6
2015-10-27,2065.89,76.166,1167.2
2015-10-28,2090.35,75.949,1157.2
2015-10-29,2089.41,75.684,1146.1
2015-10-30,2079.36,75.846,1141.8
2015-11-02,2104.05,75.7,1133.3
2015-11-03,2109.79,75.571,1117.1
2015-11-04,2102.31,75.618,1107.0
2015-11-05,2099.93,75.476,1103.1
2015-11-06,2099.2,75.181,1088.9
2015-11-09,2078.58,75.115,1091.3
2015-11-10,2081.72,75.198,1088.7
2015-11-11,2075.0,75.207,1085.5
2015-11-12,2045.97,75.217,1084.5
2015-11-13,2023.04,75.353,1083.1
2015-11-16,2053.19,75.353,1081.8
2015-11-17,2050.44,75.438,1069.2
2015-11-18,2083.58,75.398,1069.7
2015-11-19,2081.24,75.504,1081.3
2015-11-20,2089.17,75.485,1077.0
2015-11-23,2086.59,75.514,1068.3
2015-11-24,2089.14,75.542,1075.1
2015-11-25,2088.87,75.551,1070.5
2015-11-26,,,1070.9
2015-11-27,2090.11,75.59,1055.9
2015-11-30,2080.41,75.551,1063.9
2015-12-01,2102.63,75.834,1068.4
2015-12-02,2079.51,75.743,1052.6
2015-12-03,2049.62,75.16,1061.2
2015-12-04,2091.69,75.455,1085.7
2015-12-07,2077.07,75.587,1070.5
2015-12-08,2063.59,75.605,1074.2
2015-12-09,2047.62,75.578,1072.1
2015-12-10,2052.23,75.568,1070.9
2015-12-11,2012.37,75.769,1074.0
2015-12-14,2021.94,75.415,1059.4
2015-12-15,2043.41,75.332,1060.4
2015-12-16,2073.07,75.25,1071.7
2015-12-17,2041.89,75.405,1050.3
2015-12-18,2005.55,75.578,1065.3
2015-12-21,2021.15,75.492,1077.7
2015-12-22,2038.97,75.386,1071.8
2015-12-23,2064.29,75.395,1069.7
2015-12-24,2060.99,75.455,1075.6
2015-12-28,2056.5,75.455,1068.3
2015-12-29,2078.36,75.222,1068.4
2015-12-30,2063.36,75.269,1060.6
2015-12-31,2043.94,75.415,1060.4
2016-01-04,2012.66,75.381,1074.0
2016-01-05,2016.71,75.473,1076.9
2016-01-06,1990.26,75.807,1093.2
2016-01-07,1943.09,75.817,1108.7
2016-01-08,1922.03,75.911,1103.9
2016-01-11,1923.67,75.597,1093.8
2016-01-12,1938.68,75.788,1086.9
2016-01-13,1890.28,75.979,1093.4
2016-01-14,1921.84,75.902,1078.2
2016-01-15,1880.33,76.026,1088.6
2016-01-18,,,1088.9
2016-01-19,1881.33,75.92,1087.2
2016-01-20,1859.33,76.007,1101.0
2016-01-21,1868.99,75.959,1101.4
2016-01-22,1906.9,75.93,1098.1
2016-01-25,1877.08,75.949,1108.1
2016-01-26,1903.63,76.045,1119.9
2016-01-27,1882.95,76.045,1124.7
2016-01-28,1893.36,76.101,1114.3
2016-01-29,1940.24,76.321,1117.6
2016-02-01,1939.38,76.17,1128.6
2016-02-02,1903.03,76.431,1129.4
2016-02-03,1912.53,76.487,1143.1
2016-02-04,1915.45,76.544,1156.0
2016-02-05,1880.05,76.468,1174.3
2016-02-08,1853.44,76.808,1189.5
2016-02-09,1852.21,76.783,1189.4
2016-02-10,1851.86,76.946,1197.5
2016-02-11,1829.08,76.995,1247.1
2016-02-12,1864.78,76.736,1238.4
2016-02-15,,,1209.6
2016-02-16,1895.58,76.629,1200.9
2016-02-17,1926.82,76.61,1208.9
2016-02-18,1917.83,76.869,1231.4
2016-02-19,1917.78,76.763,1226.6
2016-02-22,1945.5,76.783,1209.0
2016-02-23,1921.27,76.832,1226.1
2016-02-24,1929.8,76.888,1229.4
2016-02-25,1951.7,77.004,1233.8
2016-02-26,1948.05,76.927,1223.3
2016-02-29,1932.23,76.975,1239.3
2016-03-01,1978.35,76.713,1232.7
2016-03-02,1986.45,76.668,1240.6
2016-03-03,1993.4,76.704,1265.0
2016-03-04,1999.99,76.668,1259.9
2016-03-07,2001.76,76.652,1268.0
2016-03-08,1979.26,76.903,1262.1
2016-03-09,1989.26,76.768,1253.9
2016-03-10,1989.57,76.731,1273.1
2016-03-11,2022.19,76.634,1251.4
2016-03-14,2019.64,76.798,1236.0
2016-03-15,2015.93,76.723,1233.1
2016-03-16,2027.22,77.029,1260.8
2016-03-17,2040.59,77.192,1259.8
2016-03-18,2049.58,77.256,1256.0
2016-03-21,2051.6,77.12,1244.1
2016-03-22,2049.8,77.103,1248.0
2016-03-23,2036.71,77.265,1222.7
2016-03-24,2035.94,77.172,1216.7
2016-03-28,2037.05,77.208,1221.5
2016-03-29,2055.01,77.535,1244.2
2016-03-30,2063.95,77.506,1227.4
2016-03-31,2059.74,77.646,1233.6
2016-04-01,2072.78,77.738,1224.3
2016-04-04,2066.13,77.738,1217.5
2016-04-05,2045.17,77.882,1231.7
2016-04-06,2066.66,77.845,1225.1
2016-04-07,2041.91,78.097,1242.4
2016-04-08,2047.6,78.031,1242.0
2016-04-11,2041.99,78.021,1258.0
2016-04-12,2061.72,77.902,1256.9
2016-04-13,2082.42,77.951,1244.4
2016-04-14,2082.78,77.882,1227.7
2016-04-15,2080.73,78.06,1235.7
2016-04-18,2094.34,78.031,1234.0
2016-04-19,2100.8,78.08,1252.4
2016-04-20,2102.4,77.864,1246.7
2016-04-21,2091.48,77.768,1250.6
2016-04-22,2091.58,77.738,1235.1
2016-04-25,2087.79,77.644,1239.35
2016-04-26,2091.7,77.537,1244.8
2016-04-27,2095.15,77.808,1247.4
2016-04-28,2075.81,77.912,1268.45
2016-04-29,2065.3,77.968,1295.2
2016-05-02,2081.43,77.83,1293.35
2016-05-03,2063.37,78.044,1288.15
2016-05-04,2051.12,78.074,1281.0
2016-05-05,2050.63,78.214,1279.55
2016-05-06,2057.14,78.175,1290.55
2016-05-09,2058.69,78.223,1265.0
2016-05-10,2084.39,78.233,1267.45
2016-05-11,2064.46,78.253,1278.8
2016-05-12,2064.11,78.263,1264.75
2016-05-13,2046.61,78.346,1274.6
2016-05-16,2066.66,78.175,1275.0
2016-05-17,2047.21,78.101,1280.35
2016-05-18,2047.63,77.752,1259.0
2016-05-19,2040.04,77.84,1255.4
2016-05-20,2052.32,77.84,1252.7
2016-05-23,2048.04,77.858,1249.35
2016-05-24,2076.06,77.821,1227.2
2016-05-25,2090.54,77.792,1224.5
2016-05-26,2090.1,77.925,1219.7
2016-05-27,2099.06,77.896,1212.45
2016-05-30,,,1207.5
2016-05-31,2096.96,77.977,1217.65
2016-06-01,2099.33,77.988,1215.0
2016-06-02,2105.26,78.136,1213.0
2016-06-03,2099.13,78.627,1246.85
2016-06-06,2109.41,78.505,1247.65
2016-06-07,2112.13,78.515,1246.3
2016-06-08,2119.12,78.61,1265.0
2016-06-09,2115.48,78.686,1272.15
2016-06-10,2096.07,78.763,1276.6
2016-06-13,2079.06,78.781,1286.5
2016-06-14,2075.32,78.771,1288.0
2016-06-15,2071.5,78.95,1294.5
2016-06-16,2077.99,79.036,1281.0
2016-06-17,2071.22,78.922,1301.75
2016-06-20,2083.25,78.744,1292.5
2016-06-21,2088.9,78.637,1270.5
2016-06-22,2085.45,78.666,1268.5
2016-06-23,2113.32,78.525,1257.0
2016-06-24,2037.41,78.969,1318.5
2016-06-27,2000.54,79.365,1327.5
2016-06-28,2036.09,79.46,1314.5
2016-06-29,2070.77,79.431,1321.5
2016-06-30,2098.86,79.564,1323.5
2016-07-01,2102.95,79.756,1344.1
2016-07-04,,,1353.0
2016-07-05,2088.55,80.032,1358.3
2016-07-06,2099.73,80.168,1365.7
2016-07-07,2097.9,80.042,1361.5
2016-07-08,2129.9,80.246,1367.55
2016-07-11,2137.16,80.013,1355.5
2016-07-12,2152.14,79.69,1333.5
2016-07-13,2152.43,79.832,1343.2
2016-07-14,2163.75,79.71,1335.0
2016-07-15,2161.74,79.455,1337.9
2016-07-18,2166.89,79.482,1329.0
2016-07-19,2163.78,79.605,1332.2
2016-07-20,2173.02,79.52,1315.5
2016-07-21,2165.17,79.615,1331.0
2016-07-22,2175.03,79.625,1322.0
2016-07-25,2168.48,79.576,1323.2
2016-07-26,2169.18,79.568,1327.7
2016-07-27,2166.58,79.804,1347.85
2016-07-28,2170.06,79.756,1342.15
2016-07-29,2173.6,80.013,1358.05
2016-08-01,2170.84,79.809,1359.8
2016-08-02,2157.03,79.685,1370.3
2016-08-03,2163.79,79.685,1364.3
2016-08-04,2164.25,79.828,1367.65
2016-08-05,2182.87,79.563,1341.95
2016-08-08,2180.89,79.572,1341.2
2016-08-09,2181.74,79.799,1346.45
2016-08-10,2175.49,79.902,1352.55
2016-08-11,2185.79,79.695,1344.2
2016-08-12,2184.05,79.875,1341.8
2016-08-15,2190.15,79.743,1344.85
2016-08-16,2178.15,79.695,1351.7
2016-08-17,2182.22,79.828,1353.85
2016-08-18,2187.02,79.912,1357.9
2016-08-19,2183.87,79.752,1345.3
2016-08-22,2182.64,79.865,1342.95
2016-08-23,2186.9,79.902,1341.85
2016-08-24,2175.44,79.892,1327.45
2016-08-25,2172.47,79.809,1324.75
2016-08-26,2169.04,79.61,1324.35
2016-08-29,2180.38,79.883,1326.45
2016-08-30,2176.12,79.819,1314.05
2016-08-31,2170.95,79.77,1311.85
2016-09-01,2170.86,79.871,1317.1
2016-09-02,2179.98,79.757,1328.25
2016-09-05,,,1330.45
2016-09-06,2186.48,79.994,1354.25
2016-09-07,2186.16,80.004,1349.3
2016-09-08,2181.3,79.683,1341.8
2016-09-09,2127.81,79.349,1331.65
2016-09-12,2159.04,79.378,1331.45
2016-09-13,2127.02,79.18,1321.85
2016-09-14,2125.77,79.255,1326.05
2016-09-15,2147.26,79.322,1317.45
2016-09-16,2139.16,79.388,1313.25
2016-09-19,2139.12,79.331,1316.4
2016-09-20,2139.76,79.349,1318.25
2016-09-21,2163.12,79.577,1339.45
2016-09-22,2177.18,79.74,1340.5
2016-09-23,2164.69,79.721,1341.55
2016-09-26,2146.1,79.852,1341.6
2016-09-27,2159.93,79.948,1330.5
2016-09-28,2171.37,79.948,1325.25
2016-09-29,2151.13,79.958,1323.0
2016-09-30,2168.27,79.852,1318.75
2016-10-03,2161.2,79.766,1314.0
2016-10-04,2150.49,79.5,1270.5
2016-10-05,2159.73,79.368,1268.85
2016-10-06,2160.77,79.339,1256.55
2016-10-07,2153.74,79.407,1258.95
2016-10-10,2163.66,79.321,1261.0
2016-10-11,2136.73,79.199,1254.45
2016-10-12,2139.18,79.244,1256.85
2016-10-13,2132.55,79.339,1259.3
2016-10-14,2132.98,79.179,1251.6
2016-10-17,2126.5,79.349,1256.0
2016-10-18,2139.6,79.454,1263.55
2016-10-19,2144.29,79.51,1270.0
2016-10-20,2141.34,79.463,1266.0
2016-10-21,2141.16,79.528,1267.05
2016-10-24,2151.33,79.415,1264.8
2016-10-25,2143.16,79.415,1274.35
2016-10-26,2139.43,79.274,1267.45
2016-10-27,2133.04,79.054,1269.0
2016-10-28,2126.41,79.016,1275.5
2016-10-31,2126.15,79.1,1277.45
2016-11-01,2111.72,79.075,1289.85
2016-11-02,2097.94,79.152,1299.05
2016-11-03,2088.66,79.102,1303.85
2016-11-04,2085.18,79.247,1305.8
2016-11-07,2131.52,79.142,1282.0
2016-11-08,2139.56,78.999,1276.4
2016-11-09,2163.26,78.218,1277.5
2016-11-10,2167.48,77.886,1258.0
2016-11-11,2164.45,77.741,1227.15
2016-11-14,2164.2,77.448,1220.5
2016-11-15,2180.39,77.551,1228.0
2016-11-16,2176.94,77.711,1224.0
2016-11-17,2187.12,77.401,1215.85
2016-11-18,2181.9,77.206,1207.9
2016-11-21,2198.18,77.197,1213.9
2016-11-22,2202.94,77.263,1211.5
2016-11-23,2204.72,77.066,1187.5
2016-11-24,,,1183.5
2016-11-25,2213.35,77.095,1183.0
2016-11-28,2201.72,77.273,1193.0
2016-11-29,2204.66,77.333,1186.5
2016-11-30,2198.81,77.066,1174.5
2016-12-01,2191.08,76.778,1173.0
2016-12-02,2191.95,77.057,1179.0
2016-12-05,2204.71,77.15,1172.15
2016-12-06,2212.23,77.141,1171.3
2016-12-07,2241.35,77.324,1175.85
2016-12-08,2246.19,77.168,1172.0
2016-12-09,2259.53,76.942,1161.4
2016-12-12,2256.96,76.855,1164.0
2016-12-13,2271.72,76.942,1160.0
2016-12-14,2253.28,76.551,1144.95
2016-12-15,2262.03,76.437,1130.0
2016-12-16,2258.07,76.503,1136.65
2016-12-19,2262.53,76.701,1139.5
2016-12-20,2270.76,76.71,1133.5
2016-12-21,2265.18,76.827,1132.95
2016-12-22,2260.96,76.773,1129.85
2016-12-23,2263.79,76.813,1134.5
2016-12-27,2268.88,76.754,1139.7
2016-12-28,2249.92,76.948,1142.35
2016-12-29,2249.26,77.155,1159.0
2016-12-30,2238.83,77.321,1152.0
2017-01-03,2257.83,77.331,1159.0
2017-01-04,2270.75,77.389,1164.0
2017-01-05,2269.0,77.781,1180.95
2017-01-06,2276.98,77.476,1172.65
2017-01-09,2268.9,77.663,1181.0
2017-01-10,2268.9,77.643,1187.75
2017-01-11,2275.32,77.681,1191.5
2017-01-12,2270.44,77.701,1195.0
2017-01-13,2274.64,77.577,1197.3
2017-01-16,,,1202.5
2017-01-17,2267.89,77.82,1216.5
2017-01-18,2271.89,77.418,1203.0
2017-01-19,2263.69,77.281,1204.0
2017-01-20,2271.31,77.341,1209.5
2017-01-23,2265.2,77.549,1217.85
2017-01-24,2280.07,77.436,1208.0
2017-01-25,2298.37,77.204,1200.0
2017-01-26,2296.68,77.232,1188.0
2017-01-27,2294.69,77.321,1190.0
2017-01-30,2280.9,77.301,1197.2
2017-01-31,2278.87,77.466,1212.35
2017-02-01,2279.55,77.329,1211.5
2017-02-02,2280.85,77.378,1217.5
2017-02-03,2297.42,77.397,1221.85
2017-02-06,2292.56,77.632,1237.25
2017-02-07,2293.08,77.76,1235.25
2017-02-08,2294.67,77.972,1243.0
2017-02-09,2307.87,77.76,1229.0
2017-02-10,2316.1,77.74,1235.0
2017-02-13,2328.25,77.651,1226.35
2017-02-14,2337.58,77.493,1229.0
2017-02-15,2349.25,77.368,1234.55
2017-02-16,2347.22,77.512,1239.5
2017-02-17,2351.16,77.69,1235.85
2017-02-20,,,1238.5
2017-02-21,2365.38,77.68,1236.75
2017-02-22,2362.82,77.73,1238.1
2017-02-23,2363.81,77.875,1250.5
2017-02-24,2367.34,78.161,1258.05
2017-02-27,2369.75,77.999,1253.45
2017-02-28,2363.64,77.944,1248.5
2017-03-01,2395.96,77.62,1250.15
2017-03-02,2381.92,77.481,1234.45
2017-03-03,2383.12,77.538,1234.5
2017-03-06,2375.31,77.49,1225.45
2017-03-07,2368.39,77.346,1215.65
2017-03-08,2362.98,77.159,1208.05
2017-03-09,2364.87,76.923,1200.5
2017-03-10,2372.6,77.075,1204.45
2017-03-13,2373.47,76.923,1201.65
2017-03-14,2365.45,76.913,1198.65
2017-03-15,2385.26,77.394,1219.15
2017-03-16,2381.38,77.276,1226.25
2017-03-17,2378.25,77.431,1229.0
2017-03-20,2373.47,77.582,1234.25
2017-03-21,2344.02,77.768,1245.75
2017-03-22,2348.45,77.874,1247.15
2017-03-23,2345.96,77.836,1244.8
2017-03-24,2343.98,77.817,1243.0
2017-03-27,2341.59,77.979,1254.25
2017-03-28,2358.57,77.836,1251.5
2017-03-29,2361.13,77.987,1253.0
2017-03-30,2368.06,77.865,1241.0
2017-03-31,2362.72,77.913,1247.4
2017-04-03,2358.84,78.194,1255.0
2017-04-04,2360.16,78.105,1257.5
2017-04-05,2352.95,78.174,1257.5
2017-04-06,2357.49,78.204,1253.65
2017-04-07,2355.54,78.028,1255.95
2017-04-10,2357.16,78.105,1256.15
2017-04-11,2353.78,78.358,1276.0
2017-04-12,2344.93,78.539,1288.5
2017-04-13,2328.95,78.656,1289.45
2017-04-17,2349.01,78.607,1286.0
2017-04-18,2342.19,78.888,1291.0
2017-04-19,2338.17,78.745,1281.5
2017-04-20,2355.84,78.636,1283.0
2017-04-21,2348.69,78.656,1285.5
2017-04-24,2374.15,78.549,1276.78
2017-04-25,2388.61,78.311,1265.16
2017-04-26,2387.45,78.388,1270.03
2017-04-27,2388.77,78.444,1265.61
2017-04-28,2384.2,78.529,1269.65
2017-05-01,2388.33,78.386,1257.89
2017-05-02,2391.17,78.517,1258.16
2017-05-03,2388.13,78.432,1239.24
2017-05-04,2389.52,78.347,1229.03
2017-05-05,2399.29,78.395,1229.01
2017-05-08,2399.38,78.26,1226.57
2017-05-09,2396.92,78.22,1221.55
2017-05-10,2399.63,78.211,1219.64
2017-05-11,2394.44,78.27,1225.11
2017-05-12,2390.9,78.498,1228.7
2017-05-15,2402.32,78.479,1230.05
2017-05-16,2400.67,78.556,1236.82
2017-05-17,2357.03,78.981,1261.02
2017-05-18,2365.72,78.915,1247.05
2017-05-19,2381.73,78.961,1255.07
2017-05-22,2394.02,78.896,1260.28
2017-05-23,2398.42,78.733,1251.01
2017-05-24,2404.39,78.896,1258.51
2017-05-25,2415.07,78.896,1255.49
2017-05-26,2415.82,78.934,1266.65
2017-05-29,,,1266.6
2017-05-30,2412.91,79.048,1262.64
2017-05-31,2411.8,79.088,1268.71
2017-06-01,2430.06,79.109,1265.76
2017-06-02,2439.07,79.371,1278.77
2017-06-05,2436.1,79.246,1282.2
2017-06-06,2429.33,79.391,1296.76
2017-06-07,2433.14,79.286,1289.6
2017-06-08,2433.79,79.226,1280.66
2017-06-09,2431.77,79.159,1269.45
2017-06-12,2429.39,79.139,1268.0
2017-06-13,2440.35,79.159,1268.66
2017-06-14,2437.92,79.447,1263.26
2017-06-15,2432.46,79.362,1256.12
2017-06-16,2433.15,79.447,1255.79
2017-06-19,2453.46,79.333,1245.22
2017-06-20,2437.03,79.447,1244.72
2017-06-21,2435.61,79.486,1247.99
2017-06-22,2434.5,79.514,1252.34
2017-06-23,2438.3,79.534,1258.31
2017-06-26,2439.07,79.624,1245.61
2017-06-27,2419.38,79.352,1247.95
2017-06-28,2440.69,79.352,1250.53
2017-06-29,2419.7,79.189,1246.03
2017-06-30,2423.41,79.129,1242.48
2017-07-03,2429.01,78.973,1220.95
2017-07-04,,,1224.23
2017-07-05,2432.54,79.022,1226.11
2017-07-06,2409.75,78.84,1224.55
2017-07-07,2425.18,78.82,1211.98
2017-07-10,2427.43,78.859,1213.49
2017-07-11,2425.53,78.936,1216.94
2017-07-12,2443.25,79.119,1219.1
2017-07-13,2447.83,79.09,1217.3
2017-07-14,2459.27,79.119,1227.5
2017-07-17,2459.14,79.226,1233.7
2017-07-18,2460.61,79.41,1241.9
2017-07-19,2473.83,79.419,1242.0
2017-07-20,2473.45,79.468,1245.5
2017-07-21,2472.54,79.555,1254.9
2017-07-24,2469.91,79.515,1254.3
2017-07-25,2477.13,79.218,1252.1
2017-07-26,2477.83,79.41,1249.4
2017-07-27,2475.42,79.314,1260.0
2017-07-28,2472.1,79.458,1268.4
2017-07-31,2470.3,79.448,1266.6
2017-08-01,2476.35,79.605,1272.6
2017-08-02,2477.57,79.555,1271.8
2017-08-03,2472.16,79.723,1267.8
2017-08-04,2476.83,79.595,1258.3
2017-08-07,2480.91,79.625,1264.7
2017-08-08,2474.92,79.515,1262.6
2017-08-09,2474.02,79.575,1279.3
2017-08-10,2438.21,79.693,1290.1
2017-08-11,2441.32,79.76,1294.0
2017-08-14,2465.84,79.703,1290.4
2017-08-15,2464.61,79.565,1279.7
2017-08-16,2468.11,79.683,1282.9
2017-08-17,2430.01,79.828,1292.4
2017-08-18,2425.55,79.789,1291.6
2017-08-21,2428.37,79.828,1296.7
2017-08-22,2452.51,79.732,1291.0
2017-08-23,2444.04,79.964,1294.7
2017-08-24,2438.97,79.848,1292.0
2017-08-25,2443.05,79.944,1297.9
2017-08-28,2444.24,79.983,1315.3
2017-08-29,2446.3,80.071,1318.9
2017-08-30,2457.59,80.061,1314.1
2017-08-31,2471.65,80.13,1322.2
2017-09-01,2476.55,79.992,1330.4
2017-09-05,2457.85,80.324,1344.5
2017-09-06,2465.54,80.186,1339.0
2017-09-07,2465.1,80.441,1350.3
2017-09-08,2461.43,80.352,1351.2
2017-09-11,2488.11,80.11,1335.7
2017-09-12,2496.48,79.992,1332.7
2017-09-13,2498.37,79.894,1328.0
2017-09-14,2495.62,79.944,1329.3
2017-09-15,2500.23,79.954,1325.2
2017-09-18,2503.87,79.894,1310.8
2017-09-19,2506.65,79.837,1310.6
2017-09-20,2508.24,79.768,1316.4
2017-09-21,2500.6,79.75,1294.8
2017-09-22,2502.22,79.827,1297.5
2017-09-25,2496.66,80.002,1311.5
2017-09-26,2496.84,79.964,1301.7
2017-09-27,2507.04,79.722,1287.8
2017-09-28,2510.06,79.741,1288.7
2017-09-29,2519.36,79.75,1284.8
2017-10-02,2529.12,79.722,1275.8
2017-10-03,2534.58,79.759,1274.6
2017-10-04,2537.74,79.759,1276.8
2017-10-05,2552.07,79.702,1273.2
2017-10-06,2549.33,79.614,1274.9
2017-10-09,2544.73,79.692,1285.0
2017-10-10,2550.64,79.731,1293.8
2017-10-11,2555.24,79.768,1288.9
2017-10-12,2550.93,79.837,1296.5
2017-10-13,2553.17,80.003,1304.6
2017-10-16,2557.64,79.924,1303.0
2017-10-17,2559.36,79.934,1286.2
2017-10-18,2561.26,79.807,1283.0
2017-10-19,2562.1,79.847,1290.0
2017-10-20,2575.21,79.653,1280.5
2017-10-23,2564.98,79.722,1280.9
2017-10-24,2569.13,79.584,1278.3
2017-10-25,2557.15,79.514,1279.0
2017-10-26,2560.4,79.416,1269.6
2017-10-27,2581.07,79.594,1271.8
2017-10-30,2572.83,79.778,1277.7
2017-10-31,2575.26,79.731,1270.5
2017-11-01,2579.36,79.778,1277.3
2017-11-02,2579.85,79.857,1278.1
2017-11-03,2587.84,79.924,1269.2
2017-11-06,2591.13,79.984,1281.6
2017-11-07,2590.64,80.014,1275.8
2017-11-08,2594.38,79.954,1283.7
2017-11-09,2584.62,79.875,1287.5
2017-11-10,2582.3,79.554,1274.2
2017-11-13,2584.84,79.564,1278.9
2017-11-14,2578.87,79.662,1282.9
2017-11-15,2564.62,79.847,1277.7
2017-11-16,2585.64,79.741,1278.2
2017-11-17,2578.85,79.817,1296.5
2017-11-20,2582.14,79.768,1275.3
2017-11-21,2599.03,79.837,1281.7
2017-11-22,2597.08,80.004,1292.35
2017-11-24,2602.42,79.984,1287.3
2017-11-27,2601.42,79.954,1294.4
2017-11-28,2627.04,79.954,1294.9
2017-11-29,2626.07,79.759,1282.1
2017-11-30,2647.58,79.643,1273.2
2017-12-01,2642.22,79.857,1278.8
2017-12-04,2639.44,79.866,1277.7
2017-12-05,2629.57,79.965,1264.9
2017-12-06,2629.27,80.054,1266.1
2017-12-07,2636.98,79.945,1253.1
2017-12-08,2651.5,79.915,1248.4
2017-12-11,2659.99,79.857,1246.9
2017-12-12,2664.11,79.847,1241.7
2017-12-13,2662.85,80.074,1248.6
2017-12-14,2652.01,80.103,1257.1
2017-12-15,2675.81,80.113,1257.5
2017-12-18,2690.16,79.985,1265.5
2017-12-19,2681.47,79.741,1264.2
2017-12-20,2679.25,79.584,1269.6
2017-12-21,2684.57,79.634,1270.6
2017-12-22,2683.34,79.672,1278.8
2017-12-26,2680.5,79.75,1287.5
2017-12-27,2682.62,79.996,1291.4
2017-12-28,2687.54,79.946,1297.2
2017-12-29,2673.61,80.075,1309.3
2018-01-02,2695.81,79.847,1316.1
2018-01-03,2713.06,79.916,1318.5
2018-01-04,2723.99,79.876,1321.6
2018-01-05,2743.15,79.768,1322.3
2018-01-08,2747.71,79.778,1320.4
2018-01-09,2751.29,79.544,1313.7
2018-01-10,2748.23,79.554,1319.3
2018-01-11,2767.56,79.554,1322.5
2018-01-12,2786.24,79.544,1334.9
2018-01-16,2776.42,79.604,1337.1
2018-01-17,2802.56,79.514,1339.2
2018-01-18,2798.03,79.356,1327.2
2018-01-19,2810.3,79.192,1333.1
2018-01-22,2832.97,79.132,1331.9
2018-01-23,2839.13,79.337,1336.7
2018-01-24,2837.54,79.25,1356.3
2018-01-25,2839.25,79.464,1362.9
2018-01-26,2872.87,79.318,1352.1
2018-01-29,2853.53,79.212,1340.3
2018-01-30,2822.43,79.062,1335.4
2018-01-31,2823.81,79.082,1339.0
2018-02-01,2821.98,78.866,1347.9
2018-02-02,2762.13,78.629,1337.3
2018-02-05,2648.94,78.973,1336.5
2018-02-06,2695.14,78.719,1329.5
2018-02-07,2681.66,78.54,1314.6
2018-02-08,2581.0,78.482,1319.0
2018-02-09,2619.55,78.286,1315.7
2018-02-12,2656.0,78.306,1326.4
2018-02-13,2662.94,78.375,1330.4
2018-02-14,2698.63,78.117,1358.0
2018-02-15,2731.2,78.197,1355.3
2018-02-16,2732.22,78.365,1356.2
2018-02-20,2716.26,78.286,1331.2
2018-02-21,2701.33,77.99,1332.1
2018-02-22,2703.96,78.088,1332.7
2018-02-23,2747.3,78.296,1330.3
2018-02-26,2779.6,78.336,1332.8
2018-02-27,2744.28,78.167,1318.6
2018-02-28,2713.83,78.266,1317.9
2018-03-01,2677.67,78.404,1305.2
2018-03-02,2691.25,78.256,1323.4
2018-03-05,2720.94,78.207,1319.9
2018-03-06,2728.12,78.236,1335.2
2018-03-07,2726.8,78.217,1327.6
2018-03-08,2738.97,78.306,1321.7
2018-03-09,2786.57,78.207,1324.0
2018-03-12,2783.02,78.286,1320.8
2018-03-13,2765.31,78.306,1327.1
2018-03-14,2749.48,78.472,1325.6
2018-03-15,2747.33,78.482,1317.8
2018-03-16,2752.01,78.413,1312.3
2018-03-19,2712.92,78.355,1317.8
2018-03-20,2716.94,78.256,1311.9
2018-03-21,2711.93,78.256,1321.5
2018-03-22,2643.69,78.385,1327.4
2018-03-23,2588.26,78.404,1349.9
2018-03-26,2658.55,78.355,1355.0
2018-03-27,2612.62,78.62,1342.0
2018-03-28,2605.0,78.611,1324.2
2018-03-29,2640.87,78.808,1322.8
2018-04-02,2581.88,78.799,1346.9
2018-04-03,2614.45,78.71,1337.3
2018-04-04,2644.69,78.71,1340.2
2018-04-05,2662.84,78.6,1328.5
2018-04-06,2604.47,78.799,1336.1
2018-04-09,2613.16,78.877,1340.1
2018-04-10,2656.87,78.74,1345.9
2018-04-11,2642.19,78.799,1360.0
2018-04-12,2663.99,78.65,1341.9
2018-04-13,2656.3,78.71,1347.9
2018-04-16,2677.84,78.72,1350.7
2018-04-17,2706.39,78.75,1349.5
2018-04-18,2708.64,78.491,1353.5
2018-04-19,2693.13,78.305,1348.8
2018-04-20,2670.14,78.105,1338.3
2018-04-23,2670.29,78.066,1324.0
2018-04-24,2634.56,77.929,1333.0
2018-04-25,2639.4,77.82,1322.8
2018-04-26,2666.94,77.978,1317.9
2018-04-27,2669.91,78.095,1323.4
2018-04-30,2648.05,78.135,1319.2
2018-05-01,2654.8,78.016,1306.8
2018-05-02,2635.67,78.026,1305.6
2018-05-03,2629.73,78.095,1312.7
2018-05-04,2663.42,78.145,1314.7
2018-05-07,2672.63,78.105,1314.1
2018-05-08,2671.92,78.046,1313.7
2018-05-09,2697.79,77.959,1313.0
2018-05-10,2723.07,78.115,1322.3
2018-05-11,2727.72,78.195,1320.7
2018-05-14,2730.13,78.095,1318.2
2018-05-15,2711.45,77.729,1290.3
2018-05-16,2722.46,77.67,1291.5
2018-05-17,2720.13,77.6,1289.4
2018-05-18,2712.97,77.809,1291.3
2018-05-21,2733.01,77.809,1290.9
2018-05-22,2724.44,77.829,1292.0
2018-05-23,2733.29,78.066,1289.6
2018-05-24,2727.76,78.225,1304.4
2018-05-25,2721.33,78.395,1303.7
2018-05-29,2689.86,78.937,1299.0
2018-05-30,2724.01,78.701,1301.5
2018-05-31,2705.27,78.671,1300.1
2018-06-01,2734.62,78.531,1294.8
2018-06-04,2746.87,78.364,1297.3
2018-06-05,2748.8,78.432,1302.2
2018-06-06,2772.35,78.214,1301.4
2018-06-07,2770.37,78.413,1303.0
2018-06-08,2779.03,78.314,1302.7
2018-06-11,2782.0,78.244,1303.2
2018-06-12,2786.85,78.234,1299.4
2018-06-13,2775.63,78.184,1301.3
2018-06-14,2782.49,78.354,1308.3
2018-06-15,2779.66,78.364,1278.5
2018-06-18,2773.75,78.364,1280.1
2018-06-19,2762.59,78.492,1278.6
2018-06-20,2767.32,78.314,1274.5
2018-06-21,2749.76,78.354,1270.5
2018-06-22,2754.88,78.403,1270.7
2018-06-25,2717.07,78.394,1268.9
2018-06-26,2723.06,78.521,1259.9
2018-06-27,2699.63,78.711,1256.1
2018-06-28,2716.31,78.651,1251.0
2018-06-29,2718.37,78.631,1254.5
2018-07-02,2726.71,78.581,1241.7
2018-07-03,2713.22,78.741,1253.5
2018-07-05,2736.61,78.85,1258.8
2018-07-06,2759.82,78.939,1255.8
2018-07-09,2784.17,78.87,1259.6
2018-07-10,2793.84,78.82,1255.4
2018-07-11,2774.02,78.86,1244.4
2018-07-12,2798.29,78.92,1246.6
2018-07-13,2801.31,78.989,1241.2
2018-07-16,2798.43,78.88,1239.7
2018-07-17,2809.55,78.85,1227.3
2018-07-18,2815.62,78.81,1227.9
2018-07-19,2804.49,78.959,1224.0
2018-07-20,2801.83,78.781,1231.1
2018-07-23,2806.98,78.531,1225.6
2018-07-24,2820.4,78.651,1225.5
2018-07-25,2846.07,78.651,1231.8
2018-07-26,2837.44,78.651,1225.7
2018-07-27,2818.82,78.631,1223.0
2018-07-30,2802.6,78.541,1221.3
2018-07-31,2816.29,78.601,1223.7
2018-08-01,2813.36,78.561,1217.9
2018-08-02,2827.22,78.601,1220.1
2018-08-03,2840.35,78.771,1223.2
2018-08-06,2850.4,78.841,1217.7
2018-08-07,2858.45,78.701,1218.3
2018-08-08,2857.7,78.681,1221.0
2018-08-09,2853.58,78.831,1219.9
2018-08-10,2833.28,78.99,1219.0
2018-08-13,2821.93,79.0,1198.9
2018-08-14,2839.96,78.95,1200.7
2018-08-15,2818.37,79.04,1185.0
2018-08-16,2840.69,79.08,1184.0
2018-08-17,2850.13,79.17,1184.2
2018-08-20,2857.05,79.27,1194.6
2018-08-21,2862.96,79.23,1200.0
2018-08-22,2861.82,79.28,1203.3
2018-08-23,2856.98,79.28,1194.0
2018-08-24,2874.69,79.32,1213.3
2018-08-27,2896.74,79.22,1216.0
2018-08-28,2897.52,79.1,1214.4
2018-08-29,2914.04,79.05,1211.5
2018-08-30,2901.13,79.11,1205.0
2018-08-31,2901.52,79.13,1206.7
2018-09-04,2896.72,79.01,1199.1
2018-09-05,2888.6,79.03,1201.3
2018-09-06,2878.05,79.15,1204.3
2018-09-07,2871.68,78.9,1200.4
2018-09-10,2877.13,78.95,1199.8
2018-09-11,2887.89,78.78,1202.2
2018-09-12,2888.92,78.84,1210.9
2018-09-13,2904.18,78.89,1208.2
2018-09-14,2904.98,78.76,1201.1
2018-09-17,2888.8,78.75,1205.8
2018-09-18,2904.31,78.57,1202.9
2018-09-19,2907.95,78.45,1208.3
2018-09-20,2930.75,78.55,1211.3
2018-09-21,2929.67,78.6,1201.3
2018-09-24,2919.37,78.5,1204.4
2018-09-25,2915.56,78.44,1205.1
2018-09-26,2905.97,78.64,1199.1
2018-09-27,2914.0,78.7,1187.4
2018-09-28,2913.98,78.7,1196.2
2018-10-01,2924.59,78.37,1191.7
2018-10-02,2923.43,78.51,1207.0
2018-10-03,2925.51,78.11,1202.9
2018-10-04,2901.61,77.91,1201.6
2018-10-05,2885.57,77.77,1205.6
2018-10-08,2884.43,77.74,1188.6
2018-10-09,2880.34,77.89,1191.5
2018-10-10,2785.68,77.83,1193.4
2018-10-11,2728.37,78.05,1227.6
2018-10-12,2767.13,78.03,1222.0
2018-10-15,2750.79,78.01,1230.3
2018-10-16,2809.92,78.07,1231.0
2018-10-17,2809.21,77.93,1227.4
