2013-04-28,0.0
2013-04-29,0.0
2013-04-30,0.06870996093292252
2013-05-01,-0.03389537372043795
2013-05-02,-0.16071933986344725
2013-05-03,-0.08797252498777966
2013-05-04,-0.07816532426782573
2013-05-05,0.15070192973693258
2013-05-06,0.027432222860665503
2013-05-07,-0.034832463552031845
2013-05-08,-0.023900849276707985
2013-05-09,0.03378722744468437
2013-05-10,-0.003303199836708411
2013-05-11,0.041792305332488545
2013-05-12,-0.018878894151069307
2013-05-13,-0.008292698142958715
2013-05-14,0.026578318052787632
2013-05-15,-0.06004681951650937
2013-05-16,0.025710109707635678
2013-05-17,0.03223450508900649
2013-05-18,0.047223859374766995
2013-05-19,-0.0014379784283056972
2013-05-20,-0.004168426289151017
2013-05-21,-0.005163906776931321
2013-05-22,0.00546606759353496
2013-05-23,0.007253806780974973
2013-05-24,0.02013245202589785
2013-05-25,0.051456944725881346
2013-05-26,-0.009236818319642843
2013-05-27,0.011794773965889477
2013-05-28,-0.028580906000144114
2013-05-29,-0.005557803136532848
2013-05-30,0.02321664731838423
2013-05-31,-0.026914961184533074
2013-06-01,-0.000466167659366055
2013-06-02,0.0023367608889891486
2013-06-03,-0.052063147341123564
2013-06-04,-0.014324581070125702
2013-06-05,0.007389682368041075
2013-06-06,0.003921806023355633
2013-06-07,-0.024454834448147052
2013-06-08,-0.06695402868805275
2013-06-09,-0.02747936837802114
2013-06-10,-0.06859220915219912
2013-06-11,0.05806237732290031
2013-06-12,0.022516000150015637
2013-06-13,-0.0020525541188692593
2013-06-14,-0.044752033683278306
2013-06-15,-0.03891680536291354
2013-06-16,-0.0030828637591411865
2013-06-17,0.001753844702254774
2013-06-18,0.022077235473086928
2013-06-19,0.0482577620960394
2013-06-20,0.012151236624666528
2013-06-21,0.027438551279447908
2013-06-22,-0.007735019052328795
2013-06-23,-0.010723040899636112
2013-06-24,0.00011683632795403377
2013-06-25,-0.054759575788679876
2013-06-26,0.01125632943292374
2013-06-27,0.007115909774841804
2013-06-28,-0.018968872569419582
2013-06-29,-0.0704457708382442
2013-06-30,0.0039448662886671804
2013-07-01,0.02874137968503888
2013-07-02,-0.093143684579903
2013-07-03,0.024262995185306148
2013-07-04,-0.12360045776286271
2013-07-05,0.014254784883849706
2013-07-06,-0.14154076476711644
2013-07-07,0.004254976534878348
2013-07-08,0.111598269883071
2013-07-09,-0.008461362404630824
2013-07-10,0.009603493482000498
2013-07-11,0.14395090966041824
2013-07-12,0.008634559910803674
2013-07-13,0.05514382183682755
2013-07-14,0.049675873204975206
2013-07-15,-0.04986915493469698
2013-07-16,0.055681721367987956
2013-07-17,-0.01972206325962057
2013-07-18,0.018742873640176863
2013-07-19,-0.08560180353604235
2013-07-20,0.02172991001207063
2013-07-21,-0.024035364856014013
2013-07-22,0.024216916221907043
2013-07-23,-0.0045801999684093216
2013-07-24,0.042625350864949854
2013-07-25,-0.011205604297237227
2013-07-26,0.025446396809748743
2013-07-27,-0.010472622944662053
2013-07-28,-0.016264347149846415
2013-07-29,0.04309927398658386
2013-07-30,0.028656952087822846
2013-07-31,0.06125548125548375
2013-08-01,-0.017442163394093255
2013-08-02,-0.011097581179277588
2013-08-03,-0.00404791404943427
2013-08-04,0.006975827921918228
2013-08-05,0.0011106213918044882
2013-08-06,0.011727406193458103
2013-08-07,0.0008148187107227585
2013-08-08,-0.0008329408002041001
2013-08-09,-0.03346407568497611
2013-08-10,-0.002859415695896931
2013-08-11,-0.0008231162540098692
2013-08-12,0.02102565941181206
2013-08-13,0.017940958644608093
2013-08-14,0.024538938715789573
2013-08-15,0.025377761293571083
2013-08-16,-0.025798466765678648
2013-08-17,-0.009325412750971963
2013-08-18,0.034083703645065334
2013-08-19,0.005339089059361884
2013-08-20,0.047309379667138544
2013-08-21,0.016570106926221025
2013-08-22,0.014517320513613438
2013-08-23,-0.008612882169306344
2013-08-24,-0.027617749312800425
2013-08-25,0.007651297967040224
2013-08-26,0.018136741307629465
2013-08-27,-0.01620736502164796
2013-08-28,0.050661220454667054
2013-08-29,-0.029886567552521122
2013-08-30,-0.0021769348150522195
2013-08-31,0.08433821976643119
2013-09-01,0.01201425121322982
2013-09-02,0.024663088492801768
2013-09-03,-0.022159211138816873
2013-09-04,0.007752549826491396
2013-09-05,-0.06367217043834836
2013-09-06,-0.0021752552721945456
2013-09-07,-0.0567339483962318
2013-09-08,0.042979707155203266
2013-09-09,-0.016708909892575848
2013-09-10,0.041676215948075156
2013-09-11,-0.013338901793511264
2013-09-12,0.07559150506841404
2013-09-13,-0.01950649571605488
2013-09-14,0.015655337409014328
2013-09-15,-0.040531066073242555
2013-09-16,0.011992053365400995
2013-09-17,0.0073623258433848406
2013-09-18,0.010303367314974152
2013-09-19,0.00016713449620159282
2013-09-20,-0.010500382754527205
2013-09-21,-0.0237703454541119
2013-09-22,0.006613182532521349
2013-09-23,0.010136855736589075
2013-09-24,-0.023454169105546496
2013-09-25,0.011211915204914909
2013-09-26,0.004427861772155029
2013-09-27,0.009482248100011683
2013-09-28,0.04263715058602704
2013-09-29,0.0042052436425224216
2013-09-30,0.011592745631976481
2013-10-01,-0.037299984621481694
2013-10-02,-0.005475709285011406
2013-10-03,-0.1413740722596163
2013-10-04,0.08265245050581445
2013-10-05,0.04501837756083351
2013-10-06,-0.003204548225789563
2013-10-07,0.0091833922981007
2013-10-08,-0.022783950205089394
2013-10-09,-0.006561161594530794
2013-10-10,0.03535963760050539
2013-10-11,0.0030840872369929185
2013-10-12,-0.0038677543648900597
2013-10-13,0.03381249912979356
2013-10-14,0.0225202428330704
2013-10-15,0.008161160278929616
2013-10-16,0.0262744426606588
2013-10-17,-0.026249939511308443
2013-10-18,0.03330124553538837
2013-10-19,0.056195753951923645
2013-10-20,0.0858136635968879
2013-10-21,0.013733058287504308
2013-10-22,0.03820541657122954
2013-10-23,0.05237369064165144
2013-10-24,0.1138235910795271
2013-10-25,-0.06199246684184075
2013-10-26,-0.05980145386470022
2013-10-27,-0.05932614948105372
2013-10-28,0.10796111707285744
2013-10-29,0.004044546006499358
2013-10-30,0.026875360906701003
2013-10-31,-0.020445934757356756
2013-11-01,0.020719098923841835
2013-11-02,0.011109764414960213
2013-11-03,0.004506861111098338
2013-11-04,0.04262131725623123
2013-11-05,0.06571851579764329
2013-11-06,0.06507251825603666
2013-11-07,0.0702449235679978
2013-11-08,0.14172969092960822
2013-11-09,0.13542353903220844
2013-11-10,0.024356918868229462
2013-11-11,-0.06652976131242558
2013-11-12,0.052517674670945064
2013-11-13,0.05167297612935999
2013-11-14,0.12285705881082828
2013-11-15,0.02956514362860022
2013-11-16,-0.005268106527678683
2013-11-17,0.05616160278373048
2013-11-18,0.11952983211765135
2013-11-19,0.44521935026265325
2013-11-20,-0.19051940362365388
2013-11-21,0.02848755924076374
2013-11-22,0.22139209709354568
2013-11-23,0.06592431159479051
2013-11-24,0.03124264219602023
2013-11-25,-0.023053305271825017
2013-11-26,0.05796043369744553
2013-11-27,0.16663010952167112
2013-11-28,0.10123807155455555
2013-11-29,0.042539925392473824
2013-11-30,0.08157118047611839
2013-12-01,0.011820006529635052
2013-12-02,-0.15019178253125562
2013-12-03,0.08880943119904099
2013-12-04,0.035778985861763334
2013-12-05,0.07670205675242713
2013-12-06,-0.09977307920141376
2013-12-07,-0.2013192448744808
2013-12-08,-0.17012230966947298
2013-12-09,0.14159615748768853
2013-12-10,0.12716310537012
2013-12-11,0.11037867029198493
2013-12-12,-0.11046108391678246
2013-12-13,-0.009385043982593749
2013-12-14,0.02530707756208157
2013-12-15,-0.0292620627245311
2013-12-16,0.005833420499918999
2013-12-17,-0.2019103884165944
2013-12-18,-0.04580461008507927
2013-12-19,-0.24281483467606838
2013-12-20,0.3517145106121146
2013-12-21,-0.10656582016778444
2013-12-22,-0.02982970344833632
2013-12-23,0.017751959767359944
2013-12-24,0.0944874483417603
2013-12-25,-0.00981875767858214
2013-12-26,0.03799915533944369
2013-12-27,0.11982140254721624
2013-12-28,-0.032856379708842344
2013-12-29,-0.012944935680553205
2013-12-30,0.02029560619677177
2013-12-31,0.025942357458722837
2014-01-01,-0.007536336168921206
2014-01-02,0.025509711007706673
2014-01-03,0.04089789105889495
2014-01-04,0.01859359391994291
2014-01-05,0.040653942261629245
2014-01-06,0.0817997553021479
2014-01-07,0.015032077397684106
2014-01-08,-0.16554561953911953
2014-01-09,0.058138652144465904
2014-01-10,0.0054819359134139845
2014-01-11,0.025303841587988766
2014-01-12,0.05928229781024649
2014-01-13,-0.06510369194584129
2014-01-14,-0.023798712624789
2014-01-15,-0.008944519801867607
2014-01-16,0.034003008952196365
2014-01-17,-0.032665061310704166
2014-01-18,-0.022037841087683713
2014-01-19,0.033243086437253884
2014-01-20,0.039181875890019126
2014-01-21,-0.0022824177269597174
2014-01-22,-0.0020559095765657117
2014-01-23,-0.028142733811968582
2014-01-24,-0.030283555890154683
2014-01-25,-0.03507629322648493
2014-01-26,0.07775222907564347
2014-01-27,0.03405371374683079
2014-01-28,-0.12608810733670595
2014-01-29,0.04548092172616943
2014-01-30,0.01790079797791345
2014-01-31,-0.009138147153704508
2014-02-01,0.014457788478809745
2014-02-02,0.006026270933496472
2014-02-03,-0.009969743423907584
2014-02-04,-0.0026973537824704656
2014-02-05,0.004976465326675125
2014-02-06,-0.017755992182688533
2014-02-07,-0.040767512074980236
2014-02-08,-0.10380902660920892
2014-02-09,-0.03928289364086036
2014-02-10,0.01582024034735299
2014-02-11,0.0021740337316276718
2014-02-12,-0.014120673008152266
2014-02-13,-0.03189331456708312
2014-02-14,-0.07722875496469929
2014-02-15,0.09719446940487902
2014-02-16,-0.014330560676905281
2014-02-17,-0.05746846212969154
2014-02-18,0.021094989192614315
2014-02-19,-0.0013665637521295456
2014-02-20,-0.0042624048880169855
2014-02-21,-0.10621007432752792
2014-02-22,0.028181458801621793
2014-02-23,0.05746699319048875
2014-02-24,0.0005707992670231966
2014-02-25,-0.10593667707656716
2014-02-26,-0.009350790328603144
2014-02-27,0.08008613636637286
2014-02-28,0.08115705088556606
2014-03-01,-0.05127695451070621
2014-03-02,0.028398677065398656
2014-03-03,0.000623990668680486
2014-03-04,0.20826557889214384
2014-03-05,0.007468798106703531
2014-03-06,-0.012361390162999556
2014-03-07,-0.0063132803908251415
2014-03-08,-0.05678426118124655
2014-03-09,-0.013525100609226149
2014-03-10,0.0309627853040448
2014-03-11,-0.009619433024458578
2014-03-12,0.003825522112800081
2014-03-13,0.005684777237440687
2014-03-14,0.0031101154896981836
2014-03-15,-0.015314682402841971
2014-03-16,0.0070469312146400846
2014-03-17,-0.01738549966102503
2014-03-18,-0.015595302122268083
2014-03-19,0.015382389223698225
2014-03-20,-0.015659097898579125
2014-03-21,-0.0369226418011123
2014-03-22,-0.02699013824696946
2014-03-23,-0.008162059293479726
2014-03-24,-0.009460832541440707
2014-03-25,0.042699819819097456
2014-03-26,-0.017781782764959998
2014-03-27,-0.0015083290971890375
2014-03-28,-0.18625948495012312
2014-03-29,0.04878565408997456
2014-03-30,-0.026618089184646112
2014-03-31,-0.05708888264619225
2014-04-01,-0.012663530205718952
2014-04-02,0.04677346559011397
2014-04-03,-0.09353800773899532
2014-04-04,0.018903376039515182
2014-04-05,0.0018024570587774017
2014-04-06,0.036231663095557164
2014-04-07,-0.0019851579716540363
2014-04-08,-0.03080415628030023
2014-04-09,0.01172127955697518
2014-04-10,-0.02433974863877429
2014-04-11,-0.18318170491096455
2014-04-12,0.16478785966953607
2014-04-13,-0.0002728054619383309
2014-04-14,-0.018106039677497524
2014-04-15,0.105409417159645
2014-04-16,0.14504029154491851
2014-04-17,0.013120021260902169
2014-04-18,-0.06401615174897184
2014-04-19,-0.030495903360810497
2014-04-20,0.047980610272897
2014-04-21,-0.010047343328943375
2014-04-22,-0.004859453039151873
2014-04-23,-0.020501676303941653
2014-04-24,0.004939103107625969
2014-04-25,0.019134481219395573
2014-04-26,-0.08215462934925827
2014-04-27,-0.010187989247420773
2014-04-28,-0.060984878773617385
2014-04-29,0.028268465398934996
2014-04-30,0.01632304872347053
2014-05-01,0.004154611854649431
2014-05-02,0.021079668961890743
2014-05-03,-0.019497102542298902
2014-05-04,-0.024059249583657284
2014-05-05,-0.008186486956570213
2014-05-06,-0.003625561367999735
2014-05-07,-0.006830948558434552
2014-05-08,0.02196581860114868
2014-05-09,0.0029274857378959918
2014-05-10,0.02441868198685929
2014-05-11,0.0062177886260569495
2014-05-12,-0.034651742588865095
2014-05-13,0.0073950513155497015
2014-05-14,-0.0019607256896239152
2014-05-15,0.008642521701941895
2014-05-16,0.006408404578453363
2014-05-17,0.0013013512987790027
2014-05-18,0.0006922638066145072
2014-05-19,-0.006434676191378941
2014-05-20,-0.0004314703113755091
2014-05-21,0.08551625803907889
2014-05-22,0.011576857767170132
2014-05-23,0.05968954312553397
2014-05-24,-0.00441944248135902
2014-05-25,0.009124628471976915
2014-05-26,0.08332553980473908
2014-05-27,0.017736132669303743
2014-05-28,-0.0179573300787254
2014-05-29,0.006502808354176301
2014-05-30,-0.015592173578480223
2014-05-31,0.08077967565208112
2014-06-01,0.0119411855207533
2014-06-02,0.010829674621543049
2014-06-03,0.047363135740439474
2014-06-04,0.009059478755626032
2014-06-05,-0.0385157560518308
2014-06-06,0.028779197806367385
2014-06-07,-0.009338459906390399
2014-06-08,0.0012317373185711123
2014-06-09,0.0007134679973513096
2014-06-10,-0.007269886017372878
2014-06-11,0.005895441588259525
2014-06-12,-0.029152925474140994
2014-06-13,-0.07520015198268727
2014-06-14,0.02619121276054862
2014-06-15,-0.04160868021400744
2014-06-16,0.028117871540112145
2014-06-17,-0.0032946849180357307
2014-06-18,0.028677667557816776
2014-06-19,-0.0023180807100847594
2014-06-20,-0.015239926910751697
2014-06-21,-0.007405576333509501
2014-06-22,0.003096472907074215
2014-06-23,0.009979967520831374
2014-06-24,-0.013556870570236438
2014-06-25,-0.02047638380709569
2014-06-26,-0.02888054122201229
2014-06-27,0.02594057173391574
2014-06-28,0.02910121790537522
2014-06-29,-0.005196220312419728
2014-06-30,0.008978797996021318
2014-07-01,0.06076426338502348
2014-07-02,-0.004746753018456263
2014-07-03,0.013735314731433025
2014-07-04,-0.008576729451730563
2014-07-05,-0.024969693532053937
2014-07-06,0.0016572882939828392
2014-07-07,0.004001542664300659
2014-07-08,-0.0169901608794381
2014-07-09,0.0055157209274749215
2014-07-10,-0.00026773380953874933
2014-07-11,-0.012339940345232898
2014-07-12,0.024176580268905217
2014-07-13,0.006363367213216203
2014-07-14,-0.011127918116312831
2014-07-15,-0.01085922252249836
2014-07-16,0.0027746622049186183
2014-07-17,-0.009388191838229414
2014-07-18,0.012429944626763119
2014-07-19,0.011274454547584491
2014-07-20,-0.001978098515507031
2014-07-21,-0.007155669903786462
2014-07-22,-0.00272451987640523
2014-07-23,-0.0019928106464233266
2014-07-24,-0.0034493502299414486
2014-07-25,-0.031216869305957167
2014-07-26,-0.0002915699930814574
2014-07-27,-0.009729409757553452
2014-07-28,-0.00186234813165315
2014-07-29,-0.01514700229777835
2014-07-30,-0.0017295930628242104
2014-07-31,-0.03085265057425892
2014-08-01,0.03433997662368057
2014-08-02,0.014752354450351779
2014-08-03,-0.010008701480290835
2014-08-04,-0.004581767828914024
2014-08-05,0.0033535982131911073
2014-08-06,-0.005860050863161081
2014-08-07,-0.002450967280726707
2014-08-08,0.0066055586488302604
2014-08-09,0.005366755622050833
2014-08-10,-0.006672285053386266
2014-08-11,0.0028230530238687788
2014-08-12,-0.02835201210330307
2014-08-13,-0.012582404527755817
2014-08-14,-0.04363198086352705
2014-08-15,-0.06127127443389169
2014-08-16,-0.025456611312975243
2014-08-17,0.04010421112008824
2014-08-18,-0.05471810082552543
2014-08-19,-0.06487622317740632
2014-08-20,0.061721899881082565
2014-08-21,0.056271315617750006
2014-08-22,0.01524435712042244
2014-08-23,-0.010046923791069183
2014-08-24,-0.031010847610855416
2014-08-25,0.023055878157334838
2014-08-26,-0.011325836150893302
2014-08-27,0.02049919549160623
2014-08-28,-0.0036095272595478957
2014-08-29,-0.006088473231712695
2014-08-30,0.0008443499148776589
2014-08-31,-0.009459444955494615
2014-09-01,-0.049743489984226744
2014-09-02,-0.0072682434516831654
2014-09-03,0.003573106508907669
2014-09-04,0.0044293864968343016
2014-09-05,0.025426673282141314
2014-09-06,-0.01178262678949544
2014-09-07,0.004124307514701601
2014-09-08,-0.006247161182717143
2014-09-09,-0.012463370317200117
2014-09-10,0.0010749347270009235
2014-09-11,0.010661939333950005
2014-09-12,0.00043042543985747847
2014-09-13,-0.003878817733726511
2014-09-14,0.003181469527315544
2014-09-15,-0.0010282461511069362
2014-09-16,-0.007684416697933186
2014-09-17,-0.01667466693700866
2014-09-18,-0.0168746449906728
2014-09-19,-0.06959085841409503
2014-09-20,-0.06946693677977918
2014-09-21,0.0322509840902119
2014-09-22,-0.022274598030102163
2014-09-23,0.00815562921254968
2014-09-24,0.08110562237032706
2014-09-25,-0.02751431310854819
2014-09-26,-0.02681566251545235
2014-09-27,-0.01744641838514639
2014-09-28,-0.009583123978717365
2014-09-29,-0.05245216685413782
2014-09-30,-0.005047285061484333
2014-10-01,0.029602438038296097
2014-10-02,-0.00894859018698347
2014-10-03,-0.02252073920965546
2014-10-04,-0.038248769456683054
2014-10-05,-0.08282540692866652
2014-10-06,-0.026906968570782695
2014-10-07,0.031732296769449296
2014-10-08,0.015606237292796827
2014-10-09,0.04643510588049018
2014-10-10,0.03131182328772303
2014-10-11,-0.010659647075533345
2014-10-12,0.002951795758978057
2014-10-13,0.04005071935534209
2014-10-14,0.033756273652877956
2014-10-15,0.023492144889219326
2014-10-16,-0.016334094981473077
2014-10-17,-0.028689777658884513
2014-10-18,0.0028463220937436124
2014-10-19,0.018409635058828536
2014-10-20,-0.006334155725827253
2014-10-21,-0.01735165974803617
2014-10-22,0.011746365792269028
2014-10-23,-0.007530522956826732
2014-10-24,-0.06178732342199101
2014-10-25,0.00038769261497836665
2014-10-26,-0.0317593265653865
2014-10-27,0.018891182463842998
2014-10-28,-0.0015766967230464162
2014-10-29,0.00989051285011289
2014-10-30,-0.058439402712153
2014-10-31,0.02622152561337322
2014-11-01,-0.017928998149001747
2014-11-02,-0.03842653165205459
2014-11-03,-0.00040516702176715005
2014-11-04,0.0054922858316279405
2014-11-05,0.010328346648902895
2014-11-06,0.026765629875480052
2014-11-07,0.02840031753817391
2014-11-08,-0.021138667618259804
2014-11-09,0.010228759424125508
2014-11-10,0.04637074479651246
2014-11-11,0.00908673427837646
2014-11-12,0.00516096104875613
2014-11-13,0.15608601011731907
2014-11-14,-0.02051007857946333
2014-11-15,-0.042251979748993605
2014-11-16,-0.06060960556607907
2014-11-17,0.03520899257244058
2014-11-18,-0.0013471803134800923
2014-11-19,-0.034699272977879524
2014-11-20,0.01775417960442693
2014-11-21,-0.055118891135042675
2014-11-22,-0.013475918666780926
2014-11-23,0.008712438290426325
2014-11-24,0.04158047914974458
2014-11-25,0.02533100313065953
2014-11-26,0.0014771834113695183
2014-11-27,-0.010751200336672428
2014-11-28,0.005500884512348658
2014-11-29,0.01924063404891696
2014-11-30,-0.005614535727660497
2014-12-01,-0.00871325447749623
2014-12-02,0.011849216310155616
2014-12-03,0.009685002576065806
2014-12-04,-0.013466043085779847
2014-12-05,-0.014499198092219482
2014-12-06,0.020400628737983074
2014-12-07,-0.001216434784682617
2014-12-08,0.003000617331586796
2014-12-09,-0.03931988251890065
2014-12-10,-0.016780759324668465
2014-12-11,-0.015940955830584063
2014-12-12,0.019112205550277324
2014-12-13,0.005079967449607176
2014-12-14,-0.01173779201767203
2014-12-15,0.012227072530001836
2014-12-16,-0.010704304409270808
2014-12-17,-0.038974650717284565
2014-12-18,-0.0038217340543555355
2014-12-19,-0.020068986310024094
2014-12-20,0.007377458789554452
2014-12-21,0.03761088977423109
2014-12-22,-0.02145676532342115
2014-12-23,0.034062049861367925
2014-12-24,0.0010613951226212449
2014-12-25,-0.03405769692356181
2014-12-26,-0.007022429136745923
2014-12-27,0.02790278369463133
2014-12-28,-0.03587262395315463
2014-12-29,0.003917051027347912
2014-12-30,-0.013203048614181163
2014-12-31,-0.005908121257950968
2015-01-01,0.02145090474513103
2015-01-02,-0.02262955100524304
2015-01-03,-0.006162338627515254
2015-01-04,-0.11622898517993321
2015-01-05,-0.05732790277663626
2015-01-06,0.04073012178530603
2015-01-07,0.035345151093598905
2015-01-08,0.02156606852841161
2015-01-09,-0.03179918974952315
2015-01-10,0.014988805382639359
2015-01-11,-0.05395298085400601
2015-01-12,-0.03100266379124931
2015-01-13,0.008380306846517428
2015-01-14,-0.15537776075438814
2015-01-15,-0.19190432608316033
2015-01-16,0.17699508997467506
2015-01-17,-0.001448417312414713
2015-01-18,-0.04062449668032448
2015-01-19,0.04282831763127645
2015-01-20,0.004754596797711494
2015-01-21,-0.005636709126075757
2015-01-22,0.06421192818712239
2015-01-23,0.0271512735842383
2015-01-24,-0.00528224486195499
2015-01-25,0.05339356521718922
2015-01-26,0.02809744582396649
2015-01-27,0.053650872264043574
2015-01-28,-0.033534313783664595
2015-01-29,-0.10468505739029832
2015-01-30,-0.006061113676143853
2015-01-31,-0.025230867032383513
2015-02-01,-0.03751789277407286
2015-02-02,0.03499319426771317
2015-02-03,0.03557981256398666
2015-02-04,-0.04132170247202251
2015-02-05,0.003942645514011591
2015-02-06,-0.030429628837694976
2015-02-07,0.027729172017360186
2015-02-08,0.014476707909418334
2015-02-09,-0.017624190070543937
2015-02-10,-0.01615602904247668
2015-02-11,-0.00500677696569363
2015-02-12,-0.0011328502515128157
2015-02-13,0.012684191787368196
2015-02-14,0.05659621907659988
2015-02-15,0.0830988544328379
2015-02-16,-0.08570022128377547
2015-02-17,-0.006701323355905995
2015-02-18,0.04104414519582814
2015-02-19,-0.028472212939959943
2015-02-20,0.013442104049507601
2015-02-21,0.009034896129313604
2015-02-22,0.001396330019544648
2015-02-23,-0.03242010492824833
2015-02-24,0.014943844782000778
2015-02-25,0.0016955277801244122
2015-02-26,-0.004403249013580263
2015-02-27,-0.0041944157524077125
2015-02-28,0.06363680348970255
2015-03-01,-7.217805099521678e-05
2015-03-02,0.014791725206099412
2015-03-03,0.04884633466832352
2015-03-04,0.003314936927352201
2015-03-05,-0.030363794050217677
2015-03-06,0.02401335518214506
2015-03-07,-0.015608111932198002
2015-03-08,0.009975938509800263
2015-03-09,-0.012308969808425671
2015-03-10,0.05565453622856195
2015-03-11,-0.0009340383446678945
2015-03-12,0.015495792180116442
2015-03-13,-0.0045772977218226105
2015-03-14,-0.027558126185791308
2015-03-15,-0.003556458543517185
2015-03-16,0.01065453182188289
2015-03-17,0.016583053680288503
2015-03-18,-0.017559315118053215
2015-03-19,-0.09274831649556443
2015-03-20,0.016511702291954602
2015-03-21,0.0018728410368604614
2015-03-22,-0.008042112127689639
2015-03-23,0.027320661717971036
2015-03-24,-0.0038588755641798035
2015-03-25,-0.07007014677150568
2015-03-26,-0.010617647802778013
2015-03-27,0.004783368562849442
2015-03-28,-0.004149921538468017
2015-03-29,0.020348621022490205
2015-03-30,-0.0387802498093574
2015-03-31,0.015456373526863014
2015-04-01,-0.0183327427911774
2015-04-02,0.010239819318959068
2015-04-03,0.024509138022738998
2015-04-04,0.011692593468564117
2015-04-05,-0.0016669107914217423
2015-04-06,0.02386296918237978
2015-04-07,-0.01913098567571657
2015-04-08,-0.005899948018821367
2015-04-09,-0.029339145094694482
2015-04-10,-0.00860577902751031
2015-04-11,-0.03197351182364005
2015-04-12,-0.00048186647492510755
2015-04-13,0.00016646972010572194
2015-04-14,-0.047597994092085844
2015-04-15,-0.023157999063819403
2015-04-16,0.018951183699024373
2015-04-17,0.01989577388652519
2015-04-18,-0.02307932813980922
2015-04-19,0.0017492843799927125
2015-04-20,-0.004734746403106011
2015-04-21,0.008565576985260356
2015-04-22,0.04549321378315562
2015-04-23,-0.004951830896606505
2015-04-24,0.007715107346324237
2015-04-25,-0.018539836033399874
2015-04-26,-0.01757393771810013
2015-04-27,-0.033809724743992325
2015-04-28,0.039728009227897036
2015-04-29,-0.015247121398678726
2015-04-30,0.0020882152802184817
2015-05-01,0.04380817112163191
2015-05-02,-0.014702120528482094
2015-05-03,0.00994176204178761
2015-05-04,0.021271610039012023
2015-05-05,-0.0058991627436976125
2015-05-06,-0.011263187991916284
2015-05-07,-0.02652777194606878
2015-05-08,0.02775048162316564
2015-05-09,0.025404998705134317
2015-05-10,-0.007356960113137926
2015-05-11,-0.007739691258790515
2015-05-12,0.007242444542830651
2015-05-13,-0.0032974109119023667
2015-05-14,-0.022700724976032538
2015-05-15,0.0007728584019851975
2015-05-16,0.0033246547576045063
2015-05-17,-0.007456833128271857
2015-05-18,0.0004333630203020857
2015-05-19,-0.021141610907840464
2015-05-20,0.00640354856112514
2015-05-21,0.009933141217824886
2015-05-22,0.004539746419782286
2015-05-23,0.024764293000873013
2015-05-24,-0.0034258743428945697
2015-05-25,0.00858653010398063
2015-05-26,-0.014115924432969058
2015-05-27,-0.0011382789829681452
2015-05-28,0.002958070561117089
2015-05-29,0.01081773863615568
2015-05-30,0.009784888005774234
2015-05-31,-0.021967449013483156
2015-06-01,-0.014090644223870036
2015-06-02,-0.03595474863503986
2015-06-03,0.01767390554244276
2015-06-04,-0.0005032876985461153
2015-06-05,-0.007646763010639212
2015-06-06,0.005556804664932055
2015-06-07,0.002060576445585416
2015-06-08,-0.011721260851357655
2015-06-09,0.02535655512176205
2015-06-10,0.0015172378699756226
2015-06-11,-0.0011338628445090833
2015-06-12,0.003970773446991743
2015-06-13,0.0004167538816311714
2015-06-14,0.011905155517339122
2015-06-15,0.0058856624652295336
2015-06-16,0.01711543055245411
2015-06-17,0.07075727565354635
2015-06-18,-0.0030975358424142874
2015-06-19,0.005273942635181995
2015-06-20,-0.011154647373257057
2015-06-21,0.0019699527331185317
2015-06-22,-0.009559429027514473
2015-06-23,0.013575051561071708
2015-06-24,-0.010735038715589468
2015-06-25,-0.014976873232033673
2015-06-26,0.010258777036862394
2015-06-27,0.005235620137484103
2015-06-28,0.030449721239387852
2015-06-29,-0.007869126987235617
2015-06-30,0.03942966639795802
2015-07-01,0.019178271839202055
2015-07-02,-0.01825205926685777
2015-07-03,-0.010422989293351491
2015-07-04,0.004391637732692941
2015-07-05,0.012334954646200798
2015-07-06,0.03481742561012115
2015-07-07,-0.0011858556921032436
2015-07-08,-0.016468664539042197
2015-07-09,0.022291445067997386
2015-07-10,-0.0021978699527403396
2015-07-11,0.035229208039100575
2015-07-12,0.021301156786805817
2015-07-13,0.05969997616783757
2015-07-14,-0.05728538980701134
2015-07-15,-0.011369001723865206
2015-07-16,-0.011557786362892808
2015-07-17,-0.034066851086744135
2015-07-18,0.004707775433563436
2015-07-19,-0.0117300101762136
2015-07-20,-0.005883060898606256
2015-07-21,0.017253517399582596
2015-07-22,-0.013783816618196228
2015-07-23,0.004687550361718649
2015-07-24,-0.005706565225560641
2015-07-25,0.04812921986293307
2015-07-26,0.004058301473555004
2015-07-27,0.014762077034359496
2015-07-28,0.0073171599843820856
2015-07-29,0.004010881832198801
2015-07-30,-0.017199241385755782
2015-07-31,-0.006424380734450407
2015-08-01,-0.00894951852954628
2015-08-02,-0.019804469825229553
2015-08-03,0.007834090620489533
2015-08-04,-0.005162072072609747
2015-08-05,0.013032838867367145
2015-08-06,-0.0096298206209791
2015-08-07,-0.014112960123035465
2015-08-08,0.005171385349509228
2015-08-09,-0.06110333535011951
2015-08-10,0.01759829460590852
2015-08-11,-0.0035397945559884473
2015-08-12,0.022049913525032855
2015-08-13,-0.01832314512295341
2015-08-14,-0.008668726859936799
2015-08-15,0.0074359333708777795
2015-08-16,-0.012999362454093461
2015-08-17,-0.012246720120540696
2015-08-18,-0.0020896785375570533
2015-08-19,-0.12357263959131169
2015-08-20,0.006905840028005446
2015-08-21,0.03641152883874802
2015-08-22,-0.010635915477350402
2015-08-23,-0.010958740223613568
2015-08-24,-0.01123440667653558
2015-08-25,-0.0774702205535045
2015-08-26,0.04864463642138773
2015-08-27,0.019294651561732726
2015-08-28,-0.006312451585580438
2015-08-29,0.027691684862106443
2015-08-30,-0.004371712658585577
2015-08-31,0.002336305301636853
2015-09-01,0.003556163939720698
2015-09-02,-0.00942315375236935
2015-09-03,0.0026308404110045886
2015-09-04,-0.012967220818468978
2015-09-05,0.011622043112633838
2015-09-06,0.027494309731771645
2015-09-07,0.01944715374695351
2015-09-08,-0.0011708248394205645
2015-09-09,0.011300949217409085
2015-09-10,-0.021065327824150652
2015-09-11,-0.0011815003126831882
2015-09-12,0.008780222396165991
2015-09-13,-0.018817085446680395
2015-09-14,-0.017188417003610804
2015-09-15,-0.011061417844008438
2015-09-16,0.0039263920615183745
2015-09-17,-0.007975150744952305
2015-09-18,0.016712126125972695
2015-09-19,-0.0009080073027609924
2015-09-20,-0.006225579831795047
2015-09-21,0.0023661660450661317
2015-09-22,-0.02045981178789774
2015-09-23,0.014210095955222716
2015-09-24,-0.007299105483126227
2015-09-25,0.013799190287637302
2015-09-26,-0.001212857649065127
2015-09-27,-0.0030850077845575117
2015-09-28,-0.006634968218631265
2015-09-29,0.01792461699454886
2015-09-30,-0.013915953448916251
2015-10-01,-0.0012366672910905081
2015-10-02,0.003044647331126775
2015-10-03,0.002381101349675109
2015-10-04,0.002651845650741605
2015-10-05,-0.00439889383732349
2015-10-06,0.005448631066435039
2015-10-07,0.026846765195691166
2015-10-08,-0.01246475235513752
2015-10-09,-0.0041783464397640545
2015-10-10,0.005081155440379751
2015-10-11,0.0038418060005138556
2015-10-12,0.009750949444794736
2015-10-13,-0.005685468004594542
2015-10-14,0.01674718829300636
2015-10-15,0.006589778569952093
2015-10-16,0.00777664340500951
2015-10-17,0.02892110586802358
2015-10-18,0.025584708800140268
2015-10-19,-0.03305050847514229
2015-10-20,0.005919442376559346
2015-10-21,0.015420480467674767
2015-10-22,-0.00971399152513954
2015-10-23,0.027835041353537458
2015-10-24,0.007662952972311585
2015-10-25,0.016175714496628472
2015-10-26,0.006552612471191184
2015-10-27,0.008172888489077716
2015-10-28,0.029973218444002695
2015-10-29,0.03492758600318058
2015-10-30,0.038545187697910495
2015-10-31,0.04496529487047393
2015-11-01,-0.04323775132126285
2015-11-02,0.03708551548496716
2015-11-03,0.10274837609503111
2015-11-04,0.11040122383596715
2015-11-05,0.0026530393688892788
2015-11-06,-0.049920653296038724
2015-11-07,-0.03481204399570726
2015-11-08,0.0257213987270954
2015-11-09,-0.024339399546710175
2015-11-10,0.012728346729671144
2015-11-11,-0.1014143848148524
2015-11-12,-0.07404147116146649
2015-11-13,0.07870882078807465
2015-11-14,-0.005952926372074997
2015-11-15,-0.011225281948071186
2015-11-16,-0.03890205090897354
2015-11-17,0.032519393285547586
2015-11-18,0.012931645845919302
2015-11-19,0.0002550988935233892
2015-11-20,-0.02421470804612811
2015-11-21,-0.012697639005606108
2015-11-22,0.015263622016299385
2015-11-23,-0.007786459430257396
2015-11-24,-0.004014695389267998
2015-11-25,-0.009874528321978977
2015-11-26,0.02647327284409043
2015-11-27,0.06784187056401554
2015-11-28,0.01303616053623089
2015-11-29,0.0007227418346825046
2015-11-30,0.037469276961525654
2015-12-01,0.014103472698349936
2015-12-02,-0.04079017433389694
2015-12-03,-0.007218478422123369
2015-12-04,0.00573255522420307
2015-12-05,0.009844825266513785
2015-12-06,0.0702452534444706
2015-12-07,3.005777129495828e-06
2015-12-08,0.016211654550434447
2015-12-09,0.050279498175631585
2015-12-10,0.013664630392149345
2015-12-11,-0.005816938175920296
2015-12-12,0.08597299460522914
2015-12-13,-0.04380427136680136
2015-12-14,0.0044242282172741575
2015-12-15,0.01977036794378966
2015-12-16,0.043663819877315484
2015-12-17,-0.02183966418841638
2015-12-18,0.0016249910767823126
2015-12-19,0.014677006207577403
2015-12-20,-0.0033785465900427656
2015-12-21,-0.041143676340279
2015-12-22,-0.012038708187695292
2015-12-23,-0.002584382698735118
2015-12-24,0.014280966358301355
2015-12-25,0.02518094621889861
2015-12-26,0.004200297119504069
2015-12-27,-0.0836257910725969
2015-12-28,0.016711610151990745
2015-12-29,-0.002683959307203381
2015-12-30,0.025322602489766494
2015-12-31,-0.015773115092962947
2016-01-01,0.009974949524835946
2016-01-02,0.008495118007077782
2016-01-03,-0.00197684822365464
2016-01-04,-0.007664631699489006
2016-01-05,0.006006778575152566
2016-01-06,-0.0024869001782842604
2016-01-07,-0.004371075416962342
2016-01-08,0.060595193836510707
2016-01-09,-0.00835320105551048
2016-01-10,-0.010175837769426951
2016-01-11,0.0006479912351185365
2016-01-12,-0.0006351267679883085
2016-01-13,-0.0278698636497449
2016-01-14,-0.005049360062338786
2016-01-15,-0.0050483925128438365
2016-01-16,-0.14594279299588953
2016-01-17,0.057117079513510256
2016-01-18,-0.010863885843108368
2016-01-19,0.013666054836561711
2016-01-20,-0.018838908174438933
2016-01-21,0.10317191553542224
2016-01-22,-0.022939588543801445
2016-01-23,-0.06437070213844903
2016-01-24,0.01645567340813368
2016-01-25,0.03672153373121902
2016-01-26,-0.02300050140276899
2016-01-27,0.004179576027204891
2016-01-28,0.015442594345399878
2016-01-29,-0.03812149667459539
2016-01-30,-0.0006568472005226125
2016-01-31,-0.00414083272208778
2016-02-01,-0.02431150011433227
2016-02-02,0.007857261701708187
2016-02-03,0.007758773135026499
2016-02-04,-0.008840749772478371
2016-02-05,0.04819681236726418
2016-02-06,-0.004021398626739135
2016-02-07,-0.02075105658435016
2016-02-08,0.0072140557147642136
2016-02-09,-0.007685508429504905
2016-02-10,0.013365814202576098
2016-02-11,0.01898904762485848
2016-02-12,0.0031860547413180558
2016-02-13,0.012601891542437516
2016-02-14,0.01926692899031292
2016-02-15,0.035563984800678634
2016-02-16,-0.013340773736988297
2016-02-17,0.007152765857123941
2016-02-18,0.015126488722381913
2016-02-19,0.017123671819235565
2016-02-20,0.0011480388734954397
2016-02-21,0.033867826142198076
2016-02-22,0.004472326513392867
2016-02-23,0.00492343814217451
2016-02-24,-0.037287680731960336
2016-02-25,0.012743455657876776
2016-02-26,-0.0022277445347547364
2016-02-27,0.017429788757702014
2016-02-28,0.0015227427994489971
2016-02-29,0.0022044667376708484
2016-03-01,0.0076780186149289316
2016-03-02,0.007512750684131652
2016-03-03,-0.015391334268325197
2016-03-04,0.0037786806837463
2016-03-05,-0.014829783362551457
2016-03-06,-0.01729251796197348
2016-03-07,0.016981822761590944
2016-03-08,0.0038325840532023674
2016-03-09,0.000777954401866553
2016-03-10,0.016857664741249175
2016-03-11,0.0036200215908433406
2016-03-12,0.01164797687777346
2016-03-13,-0.007488396790005169
2016-03-14,0.009709851147006513
2016-03-15,-0.0034406615215192113
2016-03-16,0.0007332235461607797
2016-03-17,-0.0002857653210985035
2016-03-18,-0.0026226743707676993
2016-03-19,-0.02490104661937181
2016-03-20,-0.0013332188998726759
2016-03-21,0.005077252834303255
2016-03-22,0.010229818814235904
2016-03-23,0.007797990752807481
2016-03-24,0.008558628862359616
2016-03-25,-0.010111966620312253
2016-03-26,-0.0008662007238182378
2016-03-27,0.002211359887228316
2016-03-28,0.013810658032624998
2016-03-29,0.0014950027546998025
2016-03-30,-0.015703044135533216
2016-03-31,-0.0016400342360037316
2016-04-01,-0.0021171508703541437
2016-04-02,0.005764423682587965
2016-04-03,0.005762100459526454
2016-04-04,0.0002922360343146734
2016-04-05,-0.004761369216752893
2016-04-06,-0.002240623248639973
2016-04-07,0.0006523388350707004
2016-04-08,-0.010557852954337957
2016-04-09,-0.009927251904424098
2016-04-10,-0.011493996653045544
2016-04-11,-0.0013249192734658207
2016-04-12,-0.0021757587099401317
2016-04-13,-0.010226157435957643
2016-04-14,0.006214935679905918
2016-04-15,0.008514257220899614
2016-04-16,0.007890958181942206
2016-04-17,0.008459507504848009
2016-04-18,0.004408899198744682
2016-04-19,0.0013446239722112335
2016-04-20,0.008072389617579865
2016-04-21,0.00863231615326221
2016-04-22,0.011528014261114345
2016-04-23,-0.01325148624050479
2016-04-24,0.017177470611453114
2016-04-25,0.012013041308384985
2016-04-26,-0.002868600059273008
2016-04-27,0.005135528854790273
2016-04-28,-0.03301382614532131
2016-04-29,-0.000733394343782636
2016-04-30,0.013858760293919633
2016-05-01,1.947586467796493e-06
2016-05-02,0.007792576486741495
2016-05-03,-0.003593082142672197
2016-05-04,0.004468257580632962
2016-05-05,-0.007634648327187394
2016-05-06,0.004781966267988526
2016-05-07,0.020460832700706668
2016-05-08,-0.0013254491927277522
2016-05-09,3.503864223807736e-05
2016-05-10,0.003075766973742657
2016-05-11,-0.01826022969595051
2016-05-12,0.00744086329009366
2016-05-13,0.004992744359181131
2016-05-14,0.005249779177450605
2016-05-15,-0.0020050490397848474
2016-05-16,0.0018924874571561935
2016-05-17,0.0022359011779920558
2016-05-18,0.0057219210764995285
2016-05-19,0.009692113668369706
2016-05-20,-0.025359901521217903
2016-05-21,0.0055548444786230385
2016-05-22,0.002520420577894857
2016-05-23,-0.006838409465838994
2016-05-24,0.0048050294267577036
2016-05-25,0.00039135428805255415
2016-05-26,0.004805656815786688
2016-05-27,0.006022811916059565
2016-05-28,0.033426245219007486
2016-05-29,0.105786883775656
2016-05-30,0.003120019069100464
2016-05-31,0.01314048176451121
2016-06-01,0.0049318559756774665
2016-06-02,0.008614061843114397
2016-06-03,-0.0003077117490965188
2016-06-04,0.05255212873959982
2016-06-05,0.004620129700998412
2016-06-06,0.0035839739995170584
2016-06-07,0.015712923687076837
2016-06-08,-0.008896530270469718
2016-06-09,0.007221468096875395
2016-06-10,-0.009106870805633062
2016-06-11,0.0011614336659352374
2016-06-12,0.04787865668286496
2016-06-13,0.09783255162926767
2016-06-14,0.05373475475789829
2016-06-15,-0.010384367345603987
2016-06-16,0.010647247294861125
2016-06-17,0.10191301809336946
2016-06-18,-0.04963607264581011
2016-06-19,-0.020622140580511223
2016-06-20,0.01907734318016774
2016-06-21,-0.03656198399558811
2016-06-22,-0.07180563153297223
2016-06-23,-0.0889717657540687
2016-06-24,0.0432830647553408
2016-06-25,0.05986248380138777
2016-06-26,-0.00023885030828256514
2016-06-27,-0.050906339810423654
2016-06-28,0.039858293910643154
2016-06-29,-0.03010434283439985
2016-06-30,-0.0027646309123010365
2016-07-01,0.04303717105940641
2016-07-02,0.0032641341000932992
2016-07-03,0.03626811160568993
2016-07-04,-0.060960998796094595
2016-07-05,0.03249077972883044
2016-07-06,-0.025463877298568898
2016-07-07,0.009449916415898492
2016-07-08,-0.05419484510407931
2016-07-09,0.04750653930167717
2016-07-10,-0.02478769654910564
2016-07-11,-0.0025011396491381914
2016-07-12,-0.0029695877747998234
2016-07-13,0.022856594113068604
2016-07-14,-0.015168102683673643
2016-07-15,0.015026256684421936
2016-07-16,0.010068677379625704
2016-07-17,-0.004574013288138144
2016-07-18,0.01930461513163947
2016-07-19,-0.010469824867046717
2016-07-20,0.0032056368279849553
2016-07-21,-0.0027607417819952096
2016-07-22,0.0010838268915233625
2016-07-23,-0.005152637643792287
2016-07-24,0.005482025236802128
2016-07-25,-0.0028464898193719325
2016-07-26,-0.0018473697555020747
2016-07-27,-0.016670965411907965
2016-07-28,0.010555951155164
2016-07-29,-1.1935421502984737e-05
2016-07-30,0.003364520453839031
2016-07-31,-0.002428568459651128
2016-08-01,-0.04318493298652199
2016-08-02,-0.029741324968206206
2016-08-03,-0.09800319248912305
2016-08-04,0.0402501049503434
2016-08-05,0.02404971035386747
2016-08-06,-0.0021710866568593282
2016-08-07,0.0186396420633741
2016-08-08,0.0048309076644515395
2016-08-09,-0.000552349871427467
2016-08-10,3.619218008726302e-05
2016-08-11,0.0022072592684594236
2016-08-12,-0.007978421677753705
2016-08-13,9.199684726401438e-06
2016-08-14,-0.001905396835291777
2016-08-15,-0.025445283722940047
2016-08-16,-0.005533143622027478
2016-08-17,0.01393774906970667
2016-08-18,-0.00760141457548668
2016-08-19,0.0003884393052375157
2016-08-20,0.0033438043226471995
2016-08-21,0.011233227285342921
2016-08-22,-0.001780169056961928
2016-08-23,0.005849793601168179
2016-08-24,-0.008254490477695588
2016-08-25,-0.006359865861119196
2016-08-26,-0.004284808240265987
2016-08-27,0.001255469619094032
2016-08-28,-0.017493175649130065
2016-08-29,0.002207575879426847
2016-08-30,0.007743848956327678
2016-08-31,0.005636564957291589
2016-09-01,-0.0009132957624608941
2016-09-02,-0.0030059763482823353
2016-09-03,0.008304736312172737
2016-09-04,0.031150250806533688
2016-09-05,0.01732290923905542
2016-09-06,-0.0028688630230185195
2016-09-07,0.0033990601538456894
2016-09-08,0.004019980780946153
2016-09-09,0.014271331202306559
2016-09-10,-0.0032462817636364893
2016-09-11,0.00635553738856208
2016-09-12,-0.029968744578399483
2016-09-13,0.0033594425850278775
2016-09-14,0.0010938224079274853
2016-09-15,0.0019983833704295285
2016-09-16,0.0003524022243867771
2016-09-17,0.0015003870732391413
2016-09-18,-0.0004948785431614913
2016-09-19,0.00334893263869693
2016-09-20,0.0032217787074568177
2016-09-21,-0.0005476732374837496
2016-09-22,-0.014783546455339544
2016-09-23,-0.002728434420048967
2016-09-24,0.01206419720990681
2016-09-25,-0.00047420219846512537
2016-09-26,0.0001829520745640598
2016-09-27,0.006456329507971644
2016-09-28,-0.000975126166280315
2016-09-29,0.001254350362527187
2016-09-30,-0.0016563299790403828
2016-10-01,0.006397849233870045
2016-10-02,0.0006839141253440545
2016-10-03,-0.002737130124599154
2016-10-04,0.0024697330059679774
2016-10-05,-0.005474407685989012
2016-10-06,-0.0010848214165739777
2016-10-07,-0.0009524150843874158
2016-10-08,0.003873808452280179
2016-10-09,-0.0011097834795820623
2016-10-10,-0.0034431881343381784
2016-10-11,0.00031628151014908125
2016-10-12,0.02971307769195674
2016-10-13,-0.0065266455199112314
2016-10-14,0.0022272475302501206
2016-10-15,0.005652262035907938
2016-10-16,-0.004106536409671273
2016-10-17,0.004641089263733202
2016-10-18,-0.004148024297777971
2016-10-19,0.003447445380002784
2016-10-20,-0.01317842328413508
2016-10-21,0.0022734571646079206
2016-10-22,0.0035044918272606348
2016-10-23,0.030971710468794125
2016-10-24,-0.0008803908990985234
2016-10-25,-0.00630863348914297
2016-10-26,-0.0018971338662093912
2016-10-27,0.026200279772350843
2016-10-28,0.010105406339505492
2016-10-29,-0.003286736743825342
2016-10-30,0.0188895854309716
2016-10-31,-0.0057107893029989705
2016-11-01,-0.00445663363556455
2016-11-02,0.033328805788256255
2016-11-03,0.015371185412417814
2016-11-04,-0.06266608541877355
2016-11-05,0.020846892669671824
2016-11-06,0.0014707732229609063
2016-11-07,0.007507936210700501
2016-11-08,-0.009322050318214238
2016-11-09,0.008732826594832701
2016-11-10,0.014021147632437756
2016-11-11,-0.009284933778571914
2016-11-12,0.000166810978959149
2016-11-13,-0.016437805518104028
2016-11-14,-0.0017965828072681839
2016-11-15,0.0035145899377852763
2016-11-16,0.007903352339014184
2016-11-17,0.03902079560395915
2016-11-18,-0.0063639549014737895
2016-11-19,0.008492684806883876
2016-11-20,0.0015117197315404874
2016-11-21,-0.02513079240903294
2016-11-22,0.010702061099820633
2016-11-23,0.01641102876180483
2016-11-24,-0.010185614381055636
2016-11-25,-0.010212299508609104
2016-11-26,0.0025404025584920952
2016-11-27,-0.007062468661273279
2016-11-28,-0.005951052466286153
2016-11-29,0.0019026495303300012
2016-11-30,-0.004633150246938468
2016-12-01,0.015707072144296726
2016-12-02,0.01237415999109536
2016-12-03,0.02028399344306619
2016-12-04,-0.006834537501978803
2016-12-05,-0.0018872039199974583
2016-12-06,-0.022756765335251103
2016-12-07,0.015263660786186805
2016-12-08,0.009368251690292767
2016-12-09,0.0018680002311194902
2016-12-10,0.005514169508001892
2016-12-11,-0.0009754930075539074
2016-12-12,-0.0046856498864361685
2016-12-13,0.014451849680221287
2016-12-14,-0.0014021197132225325
2016-12-15,-0.0009081272428048571
2016-12-16,-0.0032335712282972546
2016-12-17,0.007444019952071542
2016-12-18,0.005730789248630405
2016-12-19,0.0008679976366639353
2016-12-20,0.000346664380363313
2016-12-21,0.008623595911124979
2016-12-22,0.03837797617585663
2016-12-23,0.030765989588818324
2016-12-24,0.05936310888810664
2016-12-25,-0.020312469087897928
2016-12-26,-0.004135793472867297
2016-12-27,0.01329696028412906
2016-12-28,0.026758774970936136
2016-12-29,0.04293432034322726
2016-12-30,0.005014331678534825
2016-12-31,-0.011363711993173368
2017-01-01,0.002039839828379594
2017-01-02,0.03410647441308463
2017-01-03,0.023857759609255107
2017-01-04,0.027835152980660603
2017-01-05,0.11028243344372121
2017-01-06,-0.12003101270730765
2017-01-07,-0.10260946319382082
2017-01-08,0.0022945267503635047
2017-01-09,0.007237083963946156
2017-01-10,-0.01019709664090147
2017-01-11,0.008486809919514188
2017-01-12,-0.14201287289899592
2017-01-13,0.03542503856108008
2017-01-14,0.023834800196013493
2017-01-15,-0.007090152344634721
2017-01-16,0.003933597738209666
2017-01-17,0.009939277743760104
2017-01-18,0.09058658183722211
2017-01-19,-0.021991115338089152
2017-01-20,0.011575100393071094
2017-01-21,-0.0014726988374520814
2017-01-22,0.028756163423904187
2017-01-23,0.0024507795690191943
2017-01-24,-0.014447601225659221
2017-01-25,-0.020747120843197454
2017-01-26,0.009976820709685988
2017-01-27,0.017217219787617716
2017-01-28,0.0007975037935504144
2017-01-29,0.0031607493821910813
2017-01-30,-0.0019436782456469085
2017-01-31,0.0022076669094363353
2017-02-01,0.04954667229043418
2017-02-02,0.01791590218399538
2017-02-03,0.02017132768753229
2017-02-04,0.019816445157032958
2017-02-05,0.012038941485417775
2017-02-06,-0.01387695410580122
2017-02-07,0.01098254109353756
2017-02-08,0.019813943867623827
2017-02-09,0.0017402597525490646
2017-02-10,-0.06245057487425444
2017-02-11,-0.00503279661705439
2017-02-12,0.01437271114168923
2017-02-13,-0.0038388547380967166
2017-02-14,-0.007410383062668283
2017-02-15,0.024080320384483964
2017-02-16,0.0015229608452752676
2017-02-17,0.015229434430872027
2017-02-18,0.019651302060637012
2017-02-19,0.00458220780121358
2017-02-20,-0.004889072656223955
2017-02-21,0.022863938557044387
2017-02-22,0.03040301277930098
2017-02-23,0.002186894004648967
2017-02-24,0.04802800876735847
2017-02-25,-0.0034740199052826245
2017-02-26,-0.01825762972606001
2017-02-27,0.020127177227759467
2017-02-28,0.017072868844239673
2017-03-01,0.002595712269836927
2017-03-02,0.0433674091799761
2017-03-03,0.027681415366600282
2017-03-04,0.02262741113493455
2017-03-05,-0.0204321219783876
2017-03-06,0.013029283328325779
2017-03-07,0.005932834214038347
2017-03-08,-0.03811544536733835
2017-03-09,-0.06323370173307208
2017-03-10,0.037406995079633
2017-03-11,-0.04921623580778089
2017-03-12,0.06071243006180566
2017-03-13,0.042933081808287726
2017-03-14,0.024064664924382653
2017-03-15,0.007546413894538882
2017-03-16,0.025493892648397277
2017-03-17,-0.029393825183496997
2017-03-18,-0.05989702135417658
2017-03-19,-0.11525622578084978
2017-03-20,0.07572895575784848
2017-03-21,0.012900477932544405
2017-03-22,0.05482848704936524
2017-03-23,-0.055794626116223996
2017-03-24,-0.00396762986020932
2017-03-25,-0.07332291483333031
2017-03-26,0.029546192017948603
2017-03-27,-0.0006437405880013986
2017-03-28,0.06308096144846502
2017-03-29,0.0034336282663560347
2017-03-30,0.0012180079180504053
2017-03-31,0.0010664287552839876
2017-04-01,0.037117791868924714
2017-04-02,0.009155346637922756
2017-04-03,0.039098459137727554
2017-04-04,0.003046210853863866
2017-04-05,0.0019935894717402667
2017-04-06,0.002112024728459638
2017-04-07,0.01660167549360658
2017-04-08,-0.008002473529050686
2017-04-09,0.017251302993333044
2017-04-10,-0.0018283375460372573
2017-04-11,0.0008435208766499378
2017-04-12,0.008362059233696468
2017-04-13,0.019120599170441684
2017-04-14,-0.0018876104909259853
2017-04-15,-0.012105867669625332
2017-04-16,0.012463522348916553
2017-04-17,0.0044503325149708554
2017-04-18,0.0052735954297077545
2017-04-19,0.02161645920506273
2017-04-20,-0.01254884527150223
2017-04-21,0.016510449926983122
2017-04-22,-0.005533631900077345
2017-04-23,0.009335984939713174
2017-04-24,-0.011132035840003648
2017-04-25,0.03381165635226795
2017-04-26,0.009085084951522061
2017-04-27,0.023312954378329673
2017-04-28,0.06034192962880607
2017-04-29,0.036248524426209176
2017-04-30,0.01513728265843039
2017-05-01,0.04654693928367748
2017-05-02,0.03274395683529896
2017-05-03,0.014576907407835722
2017-05-04,0.04135558863917849
2017-05-05,0.09114462879872579
2017-05-06,0.02012648745146993
2017-05-07,0.022735454002222988
2017-05-08,0.031749313207570073
2017-05-09,0.07124675950520183
2017-05-10,-0.0010983064693804744
2017-05-11,0.016049863190938755
2017-05-12,0.02125764607691233
2017-05-13,-0.03978296624910521
2017-05-14,0.03802703493267375
2017-05-15,0.005427949405866709
2017-05-16,-0.012127463236857794
2017-05-17,0.0007144966885074366
2017-05-18,0.046206140256582005
2017-05-19,0.05896250253067535
2017-05-20,0.09231490552559261
2017-05-21,0.030369697253071308
2017-05-22,0.03985245115180438
2017-05-23,0.06508534149305388
2017-05-24,0.07691249390214684
2017-05-25,0.045960116238451226
2017-05-26,-0.07203481875749672
2017-05-27,-0.056351164009315134
2017-05-28,-0.05642300880049778
2017-05-29,0.055795339488551504
2017-05-30,0.06395776343498974
2017-05-31,0.03027552185587278
2017-06-01,0.04466409475921863
2017-06-02,0.05985931310197108
2017-06-03,0.019129447412983294
2017-06-04,0.005879021986149528
2017-06-05,0.024646374570178972
2017-06-06,0.04262966045469636
2017-06-07,0.049158521965325275
2017-06-08,-0.03850476996806529
2017-06-09,0.027056774072628274
2017-06-10,0.024265797481265006
2017-06-11,0.06932426812472244
2017-06-12,0.02121445770663588
2017-06-13,-0.0156752259081418
2017-06-14,0.019545797319576248
2017-06-15,-0.07190202916773412
2017-06-16,-0.012840955755328096
2017-06-17,0.021770114857472166
2017-06-18,0.05311011590918822
2017-06-19,-0.022097529671992914
2017-06-20,0.013419059517658866
2017-06-21,0.022734569353210155
2017-06-22,-0.03297318736616068
2017-06-23,0.0003910269330425869
2017-06-24,0.023933001385348363
2017-06-25,-0.048197908210443716
2017-06-26,-0.02759854773321693
2017-06-27,-0.06604331228088813
2017-06-28,0.0368252378023316
2017-06-29,0.044378665845230855
2017-06-30,-0.037992367317620256
2017-07-01,-0.021361607564609465
2017-07-02,-0.03993115639109357
2017-07-03,0.032652460236925814
2017-07-04,0.011787224762895517
2017-07-05,0.0019697173879179674
2017-07-06,-0.004173192873394702
2017-07-07,-0.00045985944606161144
2017-07-08,-0.06147836837147587
2017-07-09,0.021633240291100524
2017-07-10,-0.025364332351521926
2017-07-11,-0.09767663085882869
2017-07-12,-0.04591478776435476
2017-07-13,0.10036095202587336
2017-07-14,-0.048411375344056734
2017-07-15,-0.05386626318773537
2017-07-16,-0.12186964706660935
2017-07-17,-0.04579232573775687
2017-07-18,0.1840053916808509
2017-07-19,0.09273688298603014
2017-07-20,-0.06894857858621066
2017-07-21,0.1789551379677564
2017-07-22,-0.045749089275937335
2017-07-23,0.05677247140933735
2017-07-24,-0.02036345799610644
2017-07-25,0.00210604398637644
2017-07-26,-0.07080393020665986
2017-07-27,-0.009794400757654819
2017-07-28,0.024962682855655498
2017-07-29,-0.003963380996832846
2017-07-30,0.012928639113999002
2017-07-31,-0.009713670216542568
2017-08-01,0.03644716144273696
2017-08-02,0.007265509519995952
2017-08-03,-0.009843682804438392
2017-08-04,0.030874891262325975
2017-08-05,0.018162356248027697
2017-08-06,0.11873546871329445
2017-08-07,-0.006225983954745546
2017-08-08,0.04098938553284755
2017-08-09,0.043643249980945265
2017-08-10,-0.019245315228723824
2017-08-11,0.0029255260120412186
2017-08-12,0.06088636481986248
2017-08-13,0.03347077872719062
2017-08-14,0.013852614852184652
2017-08-15,0.04111179993485676
2017-08-16,-0.031834203616264094
2017-08-17,0.04103917421421198
2017-08-18,-0.01246415298708882
2017-08-19,-0.028861766594812512
2017-08-20,0.011987610196694918
2017-08-21,-0.006998017936014959
2017-08-22,0.02447640476745574
2017-08-23,0.02869562103836305
2017-08-24,0.017112247856319027
2017-08-25,0.023576900485216736
2017-08-26,0.013027925892200502
2017-08-27,0.00368143109310906
2017-08-28,0.017294371047133307
2017-08-29,0.008315844145661073
2017-08-30,0.03582165902594317
2017-08-31,0.012397722303115824
2017-09-01,0.03497747090147819
2017-09-02,0.031363083906319124
2017-09-03,-0.076987638863553
2017-09-04,0.003179848149590485
2017-09-05,-0.11052028016028914
2017-09-06,0.04613578154452475
2017-09-07,0.06343373522134019
2017-09-08,0.0016809199995509055
2017-09-09,-0.08916398596237847
2017-09-10,-0.008364558270060425
2017-09-11,-0.021132758855216795
2017-09-12,0.013834292622086904
2017-09-13,-0.012964483716564598
2017-09-14,-0.05282053231995475
2017-09-15,-0.20561227282389588
2017-09-16,0.15396383146305792
2017-09-17,-0.007118618818171811
2017-09-18,0.002168934158021432
2017-09-19,0.13832932554448613
2017-09-20,-0.030651436787490688
2017-09-21,-0.00838370203514327
2017-09-22,-0.07892087020456301
2017-09-23,0.009653670670633191
2017-09-24,0.0523890329996408
2017-09-25,-0.024924167015668113
2017-09-26,0.059783574836021945
2017-09-27,-0.010728046416919804
2017-09-28,0.07398717034730802
2017-09-29,-0.013747688403594777
2017-09-30,-0.011216400486526893
2017-10-01,0.03624901212750381
2017-10-02,0.007955803487803599
2017-10-03,-0.004859681813398028
2017-10-04,-0.020249706229863877
2017-10-05,-0.016297898644865413
2017-10-06,0.020200767804936164
2017-10-07,0.016346730656012234
2017-10-08,0.011659339674200948
2017-10-09,0.025098105044061403
2017-10-10,-0.003957980063966578
2017-10-11,0.010200289686163532
2017-10-12,0.008003465204392487
2017-10-13,0.07043074444334882
2017-10-14,0.05241352239484505
2017-10-15,0.021481082743044874
2017-10-16,-0.01734555675469147
2017-10-17,0.0026135589638105316
2017-10-18,-0.020258939421636504
2017-10-19,-0.01340369946384882
2017-10-20,0.003884977061480772
2017-10-21,0.021300113126944742
2017-10-22,-0.0015817479158279672
2017-10-23,-0.008295741723516664
2017-10-24,-0.019568615737178212
2017-10-25,-0.01811111608920131
2017-10-26,0.02087386067158588
2017-10-27,0.012671099008870817
2017-10-28,-0.0047772032404978385
2017-10-29,0.0009274391969923497
2017-10-30,0.04981840790532516
2017-10-31,0.0026637887872639986
2017-11-01,0.028834943552832375
2017-11-02,0.030186116626444638
2017-11-03,0.03559695208113936
2017-11-04,0.025651461262998925
2017-11-05,0.01543351284387256
2017-11-06,-0.0014421189555608943
2017-11-07,-0.03151772673259468
2017-11-08,0.013112241570881634
2017-11-09,0.04491215914723133
2017-11-10,-0.010702670816270311
2017-11-11,-0.04592781183165039
2017-11-12,-0.001817546562560693
2017-11-13,-0.03881279087361339
2017-11-14,0.07497234176353043
2017-11-15,0.019269791349904072
2017-11-16,0.06337310590000848
2017-11-17,0.038715273413540814
2017-11-18,0.007499449695754119
2017-11-19,0.020094682148880983
2017-11-20,0.023062085221166182
2017-11-21,0.025789643847369204
2017-11-22,-0.01791703777121479
2017-11-23,0.03452120149060125
2017-11-24,0.014992770930465804
2017-11-25,0.04350191659774327
2017-11-26,0.04573786241653214
2017-11-27,0.04548609250959942
2017-11-28,0.03772239008235086
2017-11-29,0.02252557088667616
2017-11-30,-0.04795463431754954
2017-12-01,0.030095235759896723
2017-12-02,0.06738381766465598
2017-12-03,0.0029940656701908847
2017-12-04,0.026666082092130904
2017-12-05,0.03132312300916097
2017-12-06,0.009932429036976845
2017-12-07,0.1036904391387289
2017-12-08,0.14823587937911434
2017-12-09,-0.013117069813003604
2017-12-10,-0.04945876282649442
2017-12-11,-0.013191712694721663
2017-12-12,0.11396923423964739
2017-12-13,0.10506008366053768
2017-12-14,-0.022101651059538405
2017-12-15,0.06185607915036228
2017-12-16,0.029651071719442687
2017-12-17,0.06549309864542079
2017-12-18,0.00027724392913736355
2017-12-19,0.0416437061633792
2017-12-20,-0.0068666024799058645
2017-12-21,0.004799936780102731
2017-12-22,-0.026946675481118194
2017-12-23,-0.13871044529120555
2017-12-24,0.06234234278210333
2017-12-25,-0.05049066707838615
2017-12-26,0.01976330985676712
2017-12-27,0.10822736544240207
2017-12-28,-0.014333660543198592
2017-12-29,-0.06424927425434825
2017-12-30,0.02737181013687292
2017-12-31,-0.08690305022710798
2018-01-01,0.0874435613487
2018-01-02,-0.0033331337777130305
2018-01-03,0.09506414634874022
2018-01-04,0.09665239796295848
2018-01-05,0.01059671466896683
2018-01-06,0.04510141407277894
2018-01-07,0.029501417560521853
2018-01-08,0.0047284629996130825
2018-01-09,-0.11192561916560369
2018-01-10,-0.0264064893879569
2018-01-11,0.01288763733880463
2018-01-12,-0.0874621038982314
2018-01-13,0.06577095233614227
2018-01-14,0.031939253682105435
2018-01-15,-0.051847717084019404
2018-01-16,-0.03121365650330646
2018-01-17,-0.21024539828807634
2018-01-18,0.006581373205457066
2018-01-19,0.05050688165157127
2018-01-20,0.013068793570299433
2018-01-21,0.09014370103725858
2018-01-22,-0.10307957862359973
2018-01-23,-0.05698423900757296
2018-01-24,-0.004867880744362144
2018-01-25,0.044153921164635526
2018-01-26,-0.016297997390072858
2018-01-27,-0.019125796507723156
2018-01-28,0.027458032742184012
2018-01-29,0.06630910930353481
2018-01-30,-0.044962367954788904
2018-01-31,-0.11448705426314178
2018-02-01,0.023855758157934656
2018-02-02,-0.1165089291365182
2018-02-03,-0.06279330655014208
2018-02-04,0.045782378412415614
2018-02-05,-0.10821872188401471
2018-02-06,-0.15546445081393223
2018-02-07,0.1120160873027277
2018-02-08,-0.03299056564279303
2018-02-09,0.09634283822069518
2018-02-10,0.07911104834486624
2018-02-11,-0.0020645448923245447
2018-02-12,-0.05371532469189233
2018-02-13,0.07734312355353029
2018-02-14,-0.0327858229506515
2018-02-15,0.10381464999351749
2018-02-16,0.03599295219288933
2018-02-17,0.01518218951954411
2018-02-18,0.057002083635487935
2018-02-19,-0.05631787658483019
2018-02-20,0.042110182738788825
2018-02-21,-0.02669055029508744
2018-02-22,-0.058096776918321
2018-02-23,-0.06353807531371486
2018-02-24,0.048446120415497076
2018-02-25,-0.04271026995999794
2018-02-26,-0.0019199274410685334
2018-02-27,0.049417195070018766
2018-02-28,0.015240768749031214
2018-03-01,-0.03312652823460976
2018-03-02,0.03972448910535175
2018-03-03,-0.004760155868143219
2018-03-04,0.01710973934433789
2018-03-05,0.018226362494170974
2018-03-06,-0.014878457786883112
2018-03-07,-0.05326928256447175
2018-03-08,-0.07650026283282116
2018-03-09,-0.05927345953284189
2018-03-10,0.01449032993209485
2018-03-11,-0.05924280979948336
2018-03-12,0.07484665395234671
2018-03-13,-0.044546733537283
2018-03-14,-0.0010729231492500474
2018-03-15,-0.10629963562605825
2018-03-16,-0.002940850997738191
2018-03-17,-0.006085512312719794
2018-03-18,-0.06451296491589789
2018-03-19,0.038273212052740896
2018-03-20,0.04981952350936108
2018-03-21,0.025960379245948073
2018-03-22,-0.002718888039701028
2018-03-23,-0.030363433167697823
2018-03-24,0.007738955873286167
2018-03-25,-0.033337950879581545
2018-03-26,-0.005219993879725876
2018-03-27,-0.05183698586936596
2018-03-28,-0.05426808483830271
2018-03-29,0.00921759687893476
2018-03-30,-0.11473707140127823
2018-03-31,-0.017607611091516692
2018-04-01,0.011203435401995076
2018-04-02,-0.03340566376918315
2018-04-03,0.03431265044051238
2018-04-04,0.06415793267750357
2018-04-05,-0.08648016712269388
2018-04-06,-0.002464454499378036
2018-04-07,-0.03221226265551875
2018-04-08,0.03994760771360796
2018-04-09,0.024483459199605134
2018-04-10,-0.024796747116138523
2018-04-11,0.012994677626150652
